distrito,ano,dim_4_t,valor
Aveiro,2020,30 - 34 anos,36857
Aveiro,2020,35 - 39 anos,43574
Aveiro,2020,40 - 44 anos,51051
Aveiro,2020,45 - 49 anos,54596
Aveiro,2020,50 - 54 anos,53426
Aveiro,2020,55 - 59 anos,53494
Aveiro,2020,60 - 64 anos,50313
Aveiro,2020,65 - 69 anos,45151
Aveiro,2020,70 - 74 anos,39613
Aveiro,2020,75 - 79 anos,30491
Aveiro,2020,80 - 84 anos,23880
Aveiro,2020,85 e mais anos,22684
Aveiro,2020,Total,703994
Aveiro,2020,0 - 4 anos,27994
Aveiro,2020,5 - 9 anos,28538
Aveiro,2020,10 - 14 anos,32419
Aveiro,2020,15 - 19 anos,35260
Aveiro,2020,20 - 24 anos,38162
Aveiro,2020,25 - 29 anos,36491
Aveiro,2021,30 - 34 anos,38291
Aveiro,2021,35 - 39 anos,43479
Aveiro,2021,40 - 44 anos,50511
Aveiro,2021,45 - 49 anos,54727
Aveiro,2021,50 - 54 anos,53108
Aveiro,2021,55 - 59 anos,52687
Aveiro,2021,60 - 64 anos,50096
Aveiro,2021,65 - 69 anos,45427
Aveiro,2021,70 - 74 anos,40641
Aveiro,2021,75 - 79 anos,31824
Aveiro,2021,80 - 84 anos,24008
Aveiro,2021,85 e mais anos,23809
Aveiro,2021,Total,709034
Aveiro,2021,0 - 4 anos,26909
Aveiro,2021,5 - 9 anos,29222
Aveiro,2021,10 - 14 anos,32690
Aveiro,2021,15 - 19 anos,34849
Aveiro,2021,20 - 24 anos,38605
Aveiro,2021,25 - 29 anos,38151
Aveiro,2022,30 - 34 anos,40698
Aveiro,2022,35 - 39 anos,44073
Aveiro,2022,40 - 44 anos,50878
Aveiro,2022,45 - 49 anos,55802
Aveiro,2022,50 - 54 anos,54002
Aveiro,2022,55 - 59 anos,52932
Aveiro,2022,60 - 64 anos,50860
Aveiro,2022,65 - 69 anos,46362
Aveiro,2022,70 - 74 anos,42027
Aveiro,2022,75 - 79 anos,32744
Aveiro,2022,80 - 84 anos,24148
Aveiro,2022,85 e mais anos,24427
Aveiro,2022,Total,725644
Aveiro,2022,0 - 4 anos,27261
Aveiro,2022,5 - 9 anos,30425
Aveiro,2022,10 - 14 anos,33506
Aveiro,2022,15 - 19 anos,35258
Aveiro,2022,20 - 24 anos,39876
Aveiro,2022,25 - 29 anos,40365
Aveiro,2023,30 - 34 anos,42746
Aveiro,2023,35 - 39 anos,44942
Aveiro,2023,40 - 44 anos,50936
Aveiro,2023,45 - 49 anos,56357
Aveiro,2023,50 - 54 anos,54525
Aveiro,2023,55 - 59 anos,53484
Aveiro,2023,60 - 64 anos,51320
Aveiro,2023,65 - 69 anos,47788
Aveiro,2023,70 - 74 anos,42069
Aveiro,2023,75 - 79 anos,34603
Aveiro,2023,80 - 84 anos,24428
Aveiro,2023,85 e mais anos,25787
Aveiro,2023,Total,738735
Aveiro,2023,0 - 4 anos,27260
Aveiro,2023,5 - 9 anos,31142
Aveiro,2023,10 - 14 anos,33324
Aveiro,2023,15 - 19 anos,35454
Aveiro,2023,20 - 24 anos,40687
Aveiro,2023,25 - 29 anos,41883
Aveiro,2024,30 - 34 anos,43701
Aveiro,2024,35 - 39 anos,44665
Aveiro,2024,40 - 44 anos,50915
Aveiro,2024,45 - 49 anos,55834
Aveiro,2024,50 - 54 anos,55311
Aveiro,2024,55 - 59 anos,53414
Aveiro,2024,60 - 64 anos,52227
Aveiro,2024,65 - 69 anos,48892
Aveiro,2024,70 - 74 anos,42601
Aveiro,2024,75 - 79 anos,36261
Aveiro,2024,80 - 84 anos,24718
Aveiro,2024,85 e mais anos,26863
Aveiro,2024,Total,745477
Aveiro,2024,0 - 4 anos,26961
Aveiro,2024,5 - 9 anos,31659
Aveiro,2024,10 - 14 anos,33221
Aveiro,2024,15 - 19 anos,35536
Aveiro,2024,20 - 24 anos,40175
Aveiro,2024,25 - 29 anos,42523
Aveiro,2025,30 - 34 anos,44123
Aveiro,2025,35 - 39 anos,45141
Aveiro,2025,40 - 44 anos,50019
Aveiro,2025,45 - 49 anos,55184
Aveiro,2025,50 - 54 anos,56261
Aveiro,2025,55 - 59 anos,53461
Aveiro,2025,60 - 64 anos,52626
Aveiro,2025,65 - 69 anos,49542
Aveiro,2025,70 - 74 anos,43563
Aveiro,2025,75 - 79 anos,36850
Aveiro,2025,80 - 84 anos,25994
Aveiro,2025,85 e mais anos,27391
Aveiro,2025,Total,748716
Aveiro,2025,0 - 4 anos,26480
Aveiro,2025,5 - 9 anos,31440
Aveiro,2025,10 - 14 anos,32556
Aveiro,2025,15 - 19 anos,35698
Aveiro,2025,20 - 24 anos,38986
Aveiro,2025,25 - 29 anos,43401
Beja,2020,30 - 34 anos,7870
Beja,2020,35 - 39 anos,8896
Beja,2020,40 - 44 anos,10152
Beja,2020,45 - 49 anos,9819
Beja,2020,50 - 54 anos,10238
Beja,2020,55 - 59 anos,10511
Beja,2020,60 - 64 anos,10278
Beja,2020,65 - 69 anos,9738
Beja,2020,70 - 74 anos,8365
Beja,2020,75 - 79 anos,7108
Beja,2020,80 - 84 anos,6581
Beja,2020,85 e mais anos,6611
Beja,2020,Total,145380
Beja,2020,0 - 4 anos,5852
Beja,2020,5 - 9 anos,5787
Beja,2020,10 - 14 anos,6306
Beja,2020,15 - 19 anos,6672
Beja,2020,20 - 24 anos,7286
Beja,2020,25 - 29 anos,7310
Beja,2021,30 - 34 anos,10238
Beja,2021,35 - 39 anos,10219
Beja,2021,40 - 44 anos,11020
Beja,2021,45 - 49 anos,10641
Beja,2021,50 - 54 anos,10131
Beja,2021,55 - 59 anos,10429
Beja,2021,60 - 64 anos,10250
Beja,2021,65 - 69 anos,9382
Beja,2021,70 - 74 anos,8512
Beja,2021,75 - 79 anos,7031
Beja,2021,80 - 84 anos,6253
Beja,2021,85 e mais anos,6831
Beja,2021,Total,154671
Beja,2021,0 - 4 anos,5919
Beja,2021,5 - 9 anos,6085
Beja,2021,10 - 14 anos,6497
Beja,2021,15 - 19 anos,6742
Beja,2021,20 - 24 anos,8492
Beja,2021,25 - 29 anos,9999
Beja,2022,30 - 34 anos,11699
Beja,2022,35 - 39 anos,11290
Beja,2022,40 - 44 anos,11470
Beja,2022,45 - 49 anos,11323
Beja,2022,50 - 54 anos,10225
Beja,2022,55 - 59 anos,10485
Beja,2022,60 - 64 anos,10524
Beja,2022,65 - 69 anos,9576
Beja,2022,70 - 74 anos,8633
Beja,2022,75 - 79 anos,7343
Beja,2022,80 - 84 anos,5865
Beja,2022,85 e mais anos,6897
Beja,2022,Total,162405
Beja,2022,0 - 4 anos,6107
Beja,2022,5 - 9 anos,6268
Beja,2022,10 - 14 anos,6702
Beja,2022,15 - 19 anos,7101
Beja,2022,20 - 24 anos,9324
Beja,2022,25 - 29 anos,11573
Beja,2023,30 - 34 anos,13106
Beja,2023,35 - 39 anos,12498
Beja,2023,40 - 44 anos,12050
Beja,2023,45 - 49 anos,11824
Beja,2023,50 - 54 anos,10438
Beja,2023,55 - 59 anos,10463
Beja,2023,60 - 64 anos,10420
Beja,2023,65 - 69 anos,9823
Beja,2023,70 - 74 anos,8735
Beja,2023,75 - 79 anos,7463
Beja,2023,80 - 84 anos,5711
Beja,2023,85 e mais anos,6988
Beja,2023,Total,169241
Beja,2023,0 - 4 anos,6186
Beja,2023,5 - 9 anos,6447
Beja,2023,10 - 14 anos,6766
Beja,2023,15 - 19 anos,7217
Beja,2023,20 - 24 anos,9943
Beja,2023,25 - 29 anos,13163
Beja,2024,30 - 34 anos,13381
Beja,2024,35 - 39 anos,12918
Beja,2024,40 - 44 anos,12287
Beja,2024,45 - 49 anos,12014
Beja,2024,50 - 54 anos,10457
Beja,2024,55 - 59 anos,10396
Beja,2024,60 - 64 anos,10509
Beja,2024,65 - 69 anos,10019
Beja,2024,70 - 74 anos,8775
Beja,2024,75 - 79 anos,7411
Beja,2024,80 - 84 anos,5733
Beja,2024,85 e mais anos,6990
Beja,2024,Total,170691
Beja,2024,0 - 4 anos,6147
Beja,2024,5 - 9 anos,6607
Beja,2024,10 - 14 anos,6807
Beja,2024,15 - 19 anos,7261
Beja,2024,20 - 24 anos,9712
Beja,2024,25 - 29 anos,13267
Beja,2025,30 - 34 anos,13148
Beja,2025,35 - 39 anos,13015
Beja,2025,40 - 44 anos,12206
Beja,2025,45 - 49 anos,12160
Beja,2025,50 - 54 anos,10656
Beja,2025,55 - 59 anos,10420
Beja,2025,60 - 64 anos,10433
Beja,2025,65 - 69 anos,10118
Beja,2025,70 - 74 anos,9096
Beja,2025,75 - 79 anos,7497
Beja,2025,80 - 84 anos,5667
Beja,2025,85 e mais anos,7016
Beja,2025,Total,169810
Beja,2025,0 - 4 anos,6062
Beja,2025,5 - 9 anos,6540
Beja,2025,10 - 14 anos,6715
Beja,2025,15 - 19 anos,7199
Beja,2025,20 - 24 anos,9076
Beja,2025,25 - 29 anos,12786
Braga,2020,30 - 34 anos,47793
Braga,2020,35 - 39 anos,55495
Braga,2020,40 - 44 anos,64582
Braga,2020,45 - 49 anos,68561
Braga,2020,50 - 54 anos,65541
Braga,2020,55 - 59 anos,64608
Braga,2020,60 - 64 anos,58029
Braga,2020,65 - 69 anos,51496
Braga,2020,70 - 74 anos,41684
Braga,2020,75 - 79 anos,29710
Braga,2020,80 - 84 anos,23257
Braga,2020,85 e mais anos,22069
Braga,2020,Total,849547
Braga,2020,0 - 4 anos,35705
Braga,2020,5 - 9 anos,35442
Braga,2020,10 - 14 anos,41110
Braga,2020,15 - 19 anos,46067
Braga,2020,20 - 24 anos,50512
Braga,2020,25 - 29 anos,47886
Braga,2021,30 - 34 anos,49242
Braga,2021,35 - 39 anos,54651
Braga,2021,40 - 44 anos,63114
Braga,2021,45 - 49 anos,67991
Braga,2021,50 - 54 anos,64324
Braga,2021,55 - 59 anos,62815
Braga,2021,60 - 64 anos,57200
Braga,2021,65 - 69 anos,51799
Braga,2021,70 - 74 anos,43332
Braga,2021,75 - 79 anos,31334
Braga,2021,80 - 84 anos,23009
Braga,2021,85 e mais anos,23253
Braga,2021,Total,846556
Braga,2021,0 - 4 anos,34002
Braga,2021,5 - 9 anos,35591
Braga,2021,10 - 14 anos,40667
Braga,2021,15 - 19 anos,45073
Braga,2021,20 - 24 anos,50163
Braga,2021,25 - 29 anos,48996
Braga,2022,30 - 34 anos,52026
Braga,2022,35 - 39 anos,55401
Braga,2022,40 - 44 anos,63530
Braga,2022,45 - 49 anos,69010
Braga,2022,50 - 54 anos,65835
Braga,2022,55 - 59 anos,63526
Braga,2022,60 - 64 anos,58530
Braga,2022,65 - 69 anos,53016
Braga,2022,70 - 74 anos,45516
Braga,2022,75 - 79 anos,32938
Braga,2022,80 - 84 anos,23031
Braga,2022,85 e mais anos,23999
Braga,2022,Total,868305
Braga,2022,0 - 4 anos,34594
Braga,2022,5 - 9 anos,37261
Braga,2022,10 - 14 anos,41489
Braga,2022,15 - 19 anos,45259
Braga,2022,20 - 24 anos,51438
Braga,2022,25 - 29 anos,51906
Braga,2023,30 - 34 anos,54214
Braga,2023,35 - 39 anos,56391
Braga,2023,40 - 44 anos,63590
Braga,2023,45 - 49 anos,69690
Braga,2023,50 - 54 anos,67157
Braga,2023,55 - 59 anos,64224
Braga,2023,60 - 64 anos,59886
Braga,2023,65 - 69 anos,54644
Braga,2023,70 - 74 anos,46287
Braga,2023,75 - 79 anos,35552
Braga,2023,80 - 84 anos,23172
Braga,2023,85 e mais anos,25304
Braga,2023,Total,885356
Braga,2023,0 - 4 anos,34392
Braga,2023,5 - 9 anos,38583
Braga,2023,10 - 14 anos,40889
Braga,2023,15 - 19 anos,45567
Braga,2023,20 - 24 anos,51900
Braga,2023,25 - 29 anos,53914
Braga,2024,30 - 34 anos,55534
Braga,2024,35 - 39 anos,56723
Braga,2024,40 - 44 anos,63753
Braga,2024,45 - 49 anos,69368
Braga,2024,50 - 54 anos,68198
Braga,2024,55 - 59 anos,64581
Braga,2024,60 - 64 anos,61619
Braga,2024,65 - 69 anos,56088
Braga,2024,70 - 74 anos,47486
Braga,2024,75 - 79 anos,37681
Braga,2024,80 - 84 anos,23728
Braga,2024,85 e mais anos,26379
Braga,2024,Total,896356
Braga,2024,0 - 4 anos,34142
Braga,2024,5 - 9 anos,39575
Braga,2024,10 - 14 anos,40352
Braga,2024,15 - 19 anos,45320
Braga,2024,20 - 24 anos,51035
Braga,2024,25 - 29 anos,54794
Braga,2025,30 - 34 anos,56020
Braga,2025,35 - 39 anos,57170
Braga,2025,40 - 44 anos,62868
Braga,2025,45 - 49 anos,68713
Braga,2025,50 - 54 anos,69430
Braga,2025,55 - 59 anos,64582
Braga,2025,60 - 64 anos,62942
Braga,2025,65 - 69 anos,56613
Braga,2025,70 - 74 anos,49277
Braga,2025,75 - 79 anos,38578
Braga,2025,80 - 84 anos,25333
Braga,2025,85 e mais anos,26927
Braga,2025,Total,901282
Braga,2025,0 - 4 anos,33551
Braga,2025,5 - 9 anos,39297
Braga,2025,10 - 14 anos,39760
Braga,2025,15 - 19 anos,44908
Braga,2025,20 - 24 anos,49698
Braga,2025,25 - 29 anos,55615
Bragança,2020,30 - 34 anos,5128
Bragança,2020,35 - 39 anos,6066
Bragança,2020,40 - 44 anos,7490
Bragança,2020,45 - 49 anos,7695
Bragança,2020,50 - 54 anos,8145
Bragança,2020,55 - 59 anos,9217
Bragança,2020,60 - 64 anos,10100
Bragança,2020,65 - 69 anos,10408
Bragança,2020,70 - 74 anos,9193
Bragança,2020,75 - 79 anos,8227
Bragança,2020,80 - 84 anos,7088
Bragança,2020,85 e mais anos,7137
Bragança,2020,Total,123476
Bragança,2020,0 - 4 anos,3780
Bragança,2020,5 - 9 anos,3730
Bragança,2020,10 - 14 anos,4353
Bragança,2020,15 - 19 anos,4923
Bragança,2020,20 - 24 anos,5862
Bragança,2020,25 - 29 anos,4934
Bragança,2021,30 - 34 anos,5172
Bragança,2021,35 - 39 anos,5898
Bragança,2021,40 - 44 anos,7168
Bragança,2021,45 - 49 anos,7555
Bragança,2021,50 - 54 anos,7717
Bragança,2021,55 - 59 anos,8425
Bragança,2021,60 - 64 anos,9369
Bragança,2021,65 - 69 anos,9768
Bragança,2021,70 - 74 anos,9034
Bragança,2021,75 - 79 anos,8159
Bragança,2021,80 - 84 anos,6799
Bragança,2021,85 e mais anos,7687
Bragança,2021,Total,121704
Bragança,2021,0 - 4 anos,3602
Bragança,2021,5 - 9 anos,3791
Bragança,2021,10 - 14 anos,4339
Bragança,2021,15 - 19 anos,4931
Bragança,2021,20 - 24 anos,6655
Bragança,2021,25 - 29 anos,5635
Bragança,2022,30 - 34 anos,5416
Bragança,2022,35 - 39 anos,5736
Bragança,2022,40 - 44 anos,7145
Bragança,2022,45 - 49 anos,7682
Bragança,2022,50 - 54 anos,7626
Bragança,2022,55 - 59 anos,8297
Bragança,2022,60 - 64 anos,9303
Bragança,2022,65 - 69 anos,9751
Bragança,2022,70 - 74 anos,9221
Bragança,2022,75 - 79 anos,8065
Bragança,2022,80 - 84 anos,6675
Bragança,2022,85 e mais anos,7826
Bragança,2022,Total,122809
Bragança,2022,0 - 4 anos,3610
Bragança,2022,5 - 9 anos,3981
Bragança,2022,10 - 14 anos,4294
Bragança,2022,15 - 19 anos,5100
Bragança,2022,20 - 24 anos,6982
Bragança,2022,25 - 29 anos,6099
Bragança,2023,30 - 34 anos,5544
Bragança,2023,35 - 39 anos,5750
Bragança,2023,40 - 44 anos,6973
Bragança,2023,45 - 49 anos,7821
Bragança,2023,50 - 54 anos,7664
Bragança,2023,55 - 59 anos,8197
Bragança,2023,60 - 64 anos,9110
Bragança,2023,65 - 69 anos,9766
Bragança,2023,70 - 74 anos,9319
Bragança,2023,75 - 79 anos,8156
Bragança,2023,80 - 84 anos,6686
Bragança,2023,85 e mais anos,8115
Bragança,2023,Total,123680
Bragança,2023,0 - 4 anos,3587
Bragança,2023,5 - 9 anos,4058
Bragança,2023,10 - 14 anos,4286
Bragança,2023,15 - 19 anos,4989
Bragança,2023,20 - 24 anos,7038
Bragança,2023,25 - 29 anos,6621
Bragança,2024,30 - 34 anos,5682
Bragança,2024,35 - 39 anos,5722
Bragança,2024,40 - 44 anos,6915
Bragança,2024,45 - 49 anos,7829
Bragança,2024,50 - 54 anos,7650
Bragança,2024,55 - 59 anos,8079
Bragança,2024,60 - 64 anos,9037
Bragança,2024,65 - 69 anos,9689
Bragança,2024,70 - 74 anos,9593
Bragança,2024,75 - 79 anos,8089
Bragança,2024,80 - 84 anos,6810
Bragança,2024,85 e mais anos,8227
Bragança,2024,Total,124041
Bragança,2024,0 - 4 anos,3496
Bragança,2024,5 - 9 anos,4200
Bragança,2024,10 - 14 anos,4265
Bragança,2024,15 - 19 anos,4942
Bragança,2024,20 - 24 anos,6876
Bragança,2024,25 - 29 anos,6940
Bragança,2025,30 - 34 anos,5774
Bragança,2025,35 - 39 anos,5852
Bragança,2025,40 - 44 anos,6661
Bragança,2025,45 - 49 anos,7855
Bragança,2025,50 - 54 anos,7740
Bragança,2025,55 - 59 anos,7984
Bragança,2025,60 - 64 anos,8883
Bragança,2025,65 - 69 anos,9657
Bragança,2025,70 - 74 anos,9632
Bragança,2025,75 - 79 anos,8190
Bragança,2025,80 - 84 anos,6897
Bragança,2025,85 e mais anos,8332
Bragança,2025,Total,123642
Bragança,2025,0 - 4 anos,3434
Bragança,2025,5 - 9 anos,4156
Bragança,2025,10 - 14 anos,4209
Bragança,2025,15 - 19 anos,4823
Bragança,2025,20 - 24 anos,6621
Bragança,2025,25 - 29 anos,6942
Castelo Branco,2020,30 - 34 anos,7733
Castelo Branco,2020,35 - 39 anos,9437
Castelo Branco,2020,40 - 44 anos,11205
Castelo Branco,2020,45 - 49 anos,11807
Castelo Branco,2020,50 - 54 anos,12313
Castelo Branco,2020,55 - 59 anos,13393
Castelo Branco,2020,60 - 64 anos,14072
Castelo Branco,2020,65 - 69 anos,13826
Castelo Branco,2020,70 - 74 anos,12646
Castelo Branco,2020,75 - 79 anos,10770
Castelo Branco,2020,80 - 84 anos,9321
Castelo Branco,2020,85 e mais anos,10746
Castelo Branco,2020,Total,178870
Castelo Branco,2020,0 - 4 anos,5750
Castelo Branco,2020,5 - 9 anos,6033
Castelo Branco,2020,10 - 14 anos,6946
Castelo Branco,2020,15 - 19 anos,7634
Castelo Branco,2020,20 - 24 anos,8081
Castelo Branco,2020,25 - 29 anos,7157
Castelo Branco,2021,30 - 34 anos,8079
Castelo Branco,2021,35 - 39 anos,9302
Castelo Branco,2021,40 - 44 anos,11103
Castelo Branco,2021,45 - 49 anos,11814
Castelo Branco,2021,50 - 54 anos,12014
Castelo Branco,2021,55 - 59 anos,12705
Castelo Branco,2021,60 - 64 anos,13542
Castelo Branco,2021,65 - 69 anos,13348
Castelo Branco,2021,70 - 74 anos,12234
Castelo Branco,2021,75 - 79 anos,10633
Castelo Branco,2021,80 - 84 anos,8926
Castelo Branco,2021,85 e mais anos,11374
Castelo Branco,2021,Total,178219
Castelo Branco,2021,0 - 4 anos,5557
Castelo Branco,2021,5 - 9 anos,6174
Castelo Branco,2021,10 - 14 anos,7049
Castelo Branco,2021,15 - 19 anos,7620
Castelo Branco,2021,20 - 24 anos,8826
Castelo Branco,2021,25 - 29 anos,7919
Castelo Branco,2022,30 - 34 anos,8728
Castelo Branco,2022,35 - 39 anos,9651
Castelo Branco,2022,40 - 44 anos,11293
Castelo Branco,2022,45 - 49 anos,12170
Castelo Branco,2022,50 - 54 anos,12113
Castelo Branco,2022,55 - 59 anos,12686
Castelo Branco,2022,60 - 64 anos,13614
Castelo Branco,2022,65 - 69 anos,13540
Castelo Branco,2022,70 - 74 anos,12609
Castelo Branco,2022,75 - 79 anos,10733
Castelo Branco,2022,80 - 84 anos,8778
Castelo Branco,2022,85 e mais anos,11343
Castelo Branco,2022,Total,182709
Castelo Branco,2022,0 - 4 anos,5746
Castelo Branco,2022,5 - 9 anos,6595
Castelo Branco,2022,10 - 14 anos,7233
Castelo Branco,2022,15 - 19 anos,7936
Castelo Branco,2022,20 - 24 anos,9176
Castelo Branco,2022,25 - 29 anos,8765
Castelo Branco,2023,30 - 34 anos,9215
Castelo Branco,2023,35 - 39 anos,9954
Castelo Branco,2023,40 - 44 anos,11483
Castelo Branco,2023,45 - 49 anos,12344
Castelo Branco,2023,50 - 54 anos,12326
Castelo Branco,2023,55 - 59 anos,12587
Castelo Branco,2023,60 - 64 anos,13549
Castelo Branco,2023,65 - 69 anos,13780
Castelo Branco,2023,70 - 74 anos,12658
Castelo Branco,2023,75 - 79 anos,10962
Castelo Branco,2023,80 - 84 anos,8768
Castelo Branco,2023,85 e mais anos,11545
Castelo Branco,2023,Total,186380
Castelo Branco,2023,0 - 4 anos,5801
Castelo Branco,2023,5 - 9 anos,6909
Castelo Branco,2023,10 - 14 anos,7335
Castelo Branco,2023,15 - 19 anos,8137
Castelo Branco,2023,20 - 24 anos,9563
Castelo Branco,2023,25 - 29 anos,9464
Castelo Branco,2024,30 - 34 anos,9435
Castelo Branco,2024,35 - 39 anos,10039
Castelo Branco,2024,40 - 44 anos,11576
Castelo Branco,2024,45 - 49 anos,12517
Castelo Branco,2024,50 - 54 anos,12311
Castelo Branco,2024,55 - 59 anos,12525
Castelo Branco,2024,60 - 64 anos,13480
Castelo Branco,2024,65 - 69 anos,14080
Castelo Branco,2024,70 - 74 anos,12848
Castelo Branco,2024,75 - 79 anos,11122
Castelo Branco,2024,80 - 84 anos,8730
Castelo Branco,2024,85 e mais anos,11647
Castelo Branco,2024,Total,188479
Castelo Branco,2024,0 - 4 anos,6038
Castelo Branco,2024,5 - 9 anos,7045
Castelo Branco,2024,10 - 14 anos,7421
Castelo Branco,2024,15 - 19 anos,8179
Castelo Branco,2024,20 - 24 anos,9494
Castelo Branco,2024,25 - 29 anos,9992
Castelo Branco,2025,30 - 34 anos,9411
Castelo Branco,2025,35 - 39 anos,10055
Castelo Branco,2025,40 - 44 anos,11478
Castelo Branco,2025,45 - 49 anos,12554
Castelo Branco,2025,50 - 54 anos,12499
Castelo Branco,2025,55 - 59 anos,12548
Castelo Branco,2025,60 - 64 anos,13489
Castelo Branco,2025,65 - 69 anos,14039
Castelo Branco,2025,70 - 74 anos,13041
Castelo Branco,2025,75 - 79 anos,11331
Castelo Branco,2025,80 - 84 anos,8947
Castelo Branco,2025,85 e mais anos,11525
Castelo Branco,2025,Total,189090
Castelo Branco,2025,0 - 4 anos,6024
Castelo Branco,2025,5 - 9 anos,7045
Castelo Branco,2025,10 - 14 anos,7353
Castelo Branco,2025,15 - 19 anos,8207
Castelo Branco,2025,20 - 24 anos,9306
Castelo Branco,2025,25 - 29 anos,10238
Coimbra,2020,30 - 34 anos,19262
Coimbra,2020,35 - 39 anos,23826
Coimbra,2020,40 - 44 anos,29027
Coimbra,2020,45 - 49 anos,30243
Coimbra,2020,50 - 54 anos,29363
Coimbra,2020,55 - 59 anos,30598
Coimbra,2020,60 - 64 anos,29841
Coimbra,2020,65 - 69 anos,28342
Coimbra,2020,70 - 74 anos,26729
Coimbra,2020,75 - 79 anos,21828
Coimbra,2020,80 - 84 anos,17831
Coimbra,2020,85 e mais anos,18075
Coimbra,2020,Total,410830
Coimbra,2020,0 - 4 anos,15052
Coimbra,2020,5 - 9 anos,15552
Coimbra,2020,10 - 14 anos,17396
Coimbra,2020,15 - 19 anos,18770
Coimbra,2020,20 - 24 anos,20232
Coimbra,2020,25 - 29 anos,18863
Coimbra,2021,30 - 34 anos,20060
Coimbra,2021,35 - 39 anos,23633
Coimbra,2021,40 - 44 anos,28630
Coimbra,2021,45 - 49 anos,31030
Coimbra,2021,50 - 54 anos,29528
Coimbra,2021,55 - 59 anos,30233
Coimbra,2021,60 - 64 anos,29560
Coimbra,2021,65 - 69 anos,27970
Coimbra,2021,70 - 74 anos,26735
Coimbra,2021,75 - 79 anos,22170
Coimbra,2021,80 - 84 anos,17870
Coimbra,2021,85 e mais anos,18744
Coimbra,2021,Total,414325
Coimbra,2021,0 - 4 anos,14346
Coimbra,2021,5 - 9 anos,15770
Coimbra,2021,10 - 14 anos,17501
Coimbra,2021,15 - 19 anos,19040
Coimbra,2021,20 - 24 anos,21532
Coimbra,2021,25 - 29 anos,19973
Coimbra,2022,30 - 34 anos,21430
Coimbra,2022,35 - 39 anos,23668
Coimbra,2022,40 - 44 anos,28768
Coimbra,2022,45 - 49 anos,31745
Coimbra,2022,50 - 54 anos,30151
Coimbra,2022,55 - 59 anos,30261
Coimbra,2022,60 - 64 anos,30183
Coimbra,2022,65 - 69 anos,28275
Coimbra,2022,70 - 74 anos,27386
Coimbra,2022,75 - 79 anos,22518
Coimbra,2022,80 - 84 anos,17652
Coimbra,2022,85 e mais anos,19113
Coimbra,2022,Total,423878
Coimbra,2022,0 - 4 anos,14563
Coimbra,2022,5 - 9 anos,16520
Coimbra,2022,10 - 14 anos,17907
Coimbra,2022,15 - 19 anos,19593
Coimbra,2022,20 - 24 anos,22369
Coimbra,2022,25 - 29 anos,21776
Coimbra,2023,30 - 34 anos,22684
Coimbra,2023,35 - 39 anos,24057
Coimbra,2023,40 - 44 anos,28866
Coimbra,2023,45 - 49 anos,32077
Coimbra,2023,50 - 54 anos,30750
Coimbra,2023,55 - 59 anos,30448
Coimbra,2023,60 - 64 anos,30352
Coimbra,2023,65 - 69 anos,28757
Coimbra,2023,70 - 74 anos,27352
Coimbra,2023,75 - 79 anos,23534
Coimbra,2023,80 - 84 anos,17621
Coimbra,2023,85 e mais anos,19921
Coimbra,2023,Total,432073
Coimbra,2023,0 - 4 anos,14483
Coimbra,2023,5 - 9 anos,17124
Coimbra,2023,10 - 14 anos,17889
Coimbra,2023,15 - 19 anos,19807
Coimbra,2023,20 - 24 anos,23030
Coimbra,2023,25 - 29 anos,23321
Coimbra,2024,30 - 34 anos,23328
Coimbra,2024,35 - 39 anos,24233
Coimbra,2024,40 - 44 anos,28678
Coimbra,2024,45 - 49 anos,32274
Coimbra,2024,50 - 54 anos,31349
Coimbra,2024,55 - 59 anos,30308
Coimbra,2024,60 - 64 anos,30707
Coimbra,2024,65 - 69 anos,29484
Coimbra,2024,70 - 74 anos,27240
Coimbra,2024,75 - 79 anos,24265
Coimbra,2024,80 - 84 anos,17551
Coimbra,2024,85 e mais anos,20696
Coimbra,2024,Total,436976
Coimbra,2024,0 - 4 anos,14608
Coimbra,2024,5 - 9 anos,17373
Coimbra,2024,10 - 14 anos,18039
Coimbra,2024,15 - 19 anos,19786
Coimbra,2024,20 - 24 anos,23081
Coimbra,2024,25 - 29 anos,23976
Coimbra,2025,30 - 34 anos,23736
Coimbra,2025,35 - 39 anos,24378
Coimbra,2025,40 - 44 anos,28209
Coimbra,2025,45 - 49 anos,31903
Coimbra,2025,50 - 54 anos,31881
Coimbra,2025,55 - 59 anos,30243
Coimbra,2025,60 - 64 anos,30959
Coimbra,2025,65 - 69 anos,29706
Coimbra,2025,70 - 74 anos,27379
Coimbra,2025,75 - 79 anos,24508
Coimbra,2025,80 - 84 anos,18232
Coimbra,2025,85 e mais anos,20971
Coimbra,2025,Total,438242
Coimbra,2025,0 - 4 anos,14327
Coimbra,2025,5 - 9 anos,17050
Coimbra,2025,10 - 14 anos,17955
Coimbra,2025,15 - 19 anos,19649
Coimbra,2025,20 - 24 anos,22703
Coimbra,2025,25 - 29 anos,24453
Faro,2020,30 - 34 anos,25390
Faro,2020,35 - 39 anos,30416
Faro,2020,40 - 44 anos,35135
Faro,2020,45 - 49 anos,36186
Faro,2020,50 - 54 anos,33237
Faro,2020,55 - 59 anos,32848
Faro,2020,60 - 64 anos,32341
Faro,2020,65 - 69 anos,31178
Faro,2020,70 - 74 anos,27390
Faro,2020,75 - 79 anos,20556
Faro,2020,80 - 84 anos,15515
Faro,2020,85 e mais anos,15530
Faro,2020,Total,469892
Faro,2020,0 - 4 anos,20926
Faro,2020,5 - 9 anos,20966
Faro,2020,10 - 14 anos,23051
Faro,2020,15 - 19 anos,23014
Faro,2020,20 - 24 anos,22820
Faro,2020,25 - 29 anos,23393
Faro,2021,30 - 34 anos,30472
Faro,2021,35 - 39 anos,34019
Faro,2021,40 - 44 anos,37517
Faro,2021,45 - 49 anos,39652
Faro,2021,50 - 54 anos,35506
Faro,2021,55 - 59 anos,34442
Faro,2021,60 - 64 anos,33581
Faro,2021,65 - 69 anos,32653
Faro,2021,70 - 74 anos,29630
Faro,2021,75 - 79 anos,21703
Faro,2021,80 - 84 anos,15788
Faro,2021,85 e mais anos,16073
Faro,2021,Total,507930
Faro,2021,0 - 4 anos,21542
Faro,2021,5 - 9 anos,22856
Faro,2021,10 - 14 anos,24795
Faro,2021,15 - 19 anos,24428
Faro,2021,20 - 24 anos,25189
Faro,2021,25 - 29 anos,28084
Faro,2022,30 - 34 anos,34210
Faro,2022,35 - 39 anos,36642
Faro,2022,40 - 44 anos,39687
Faro,2022,45 - 49 anos,42110
Faro,2022,50 - 54 anos,37604
Faro,2022,55 - 59 anos,36200
Faro,2022,60 - 64 anos,35663
Faro,2022,65 - 69 anos,34247
Faro,2022,70 - 74 anos,31382
Faro,2022,75 - 79 anos,23900
Faro,2022,80 - 84 anos,16212
Faro,2022,85 e mais anos,16631
Faro,2022,Total,542799
Faro,2022,0 - 4 anos,21874
Faro,2022,5 - 9 anos,24617
Faro,2022,10 - 14 anos,26139
Faro,2022,15 - 19 anos,26093
Faro,2022,20 - 24 anos,27835
Faro,2022,25 - 29 anos,31753
Faro,2023,30 - 34 anos,37178
Faro,2023,35 - 39 anos,38612
Faro,2023,40 - 44 anos,41532
Faro,2023,45 - 49 anos,43302
Faro,2023,50 - 54 anos,39417
Faro,2023,55 - 59 anos,37094
Faro,2023,60 - 64 anos,35990
Faro,2023,65 - 69 anos,35012
Faro,2023,70 - 74 anos,31445
Faro,2023,75 - 79 anos,25138
Faro,2023,80 - 84 anos,16720
Faro,2023,85 e mais anos,17258
Faro,2023,Total,563923
Faro,2023,0 - 4 anos,22015
Faro,2023,5 - 9 anos,25514
Faro,2023,10 - 14 anos,26225
Faro,2023,15 - 19 anos,26927
Faro,2023,20 - 24 anos,29747
Faro,2023,25 - 29 anos,34797
Faro,2024,30 - 34 anos,39110
Faro,2024,35 - 39 anos,39892
Faro,2024,40 - 44 anos,42625
Faro,2024,45 - 49 anos,43754
Faro,2024,50 - 54 anos,40939
Faro,2024,55 - 59 anos,37441
Faro,2024,60 - 64 anos,36687
Faro,2024,65 - 69 anos,35364
Faro,2024,70 - 74 anos,31541
Faro,2024,75 - 79 anos,26012
Faro,2024,80 - 84 anos,17323
Faro,2024,85 e mais anos,17878
Faro,2024,Total,577095
Faro,2024,0 - 4 anos,21978
Faro,2024,5 - 9 anos,26090
Faro,2024,10 - 14 anos,26383
Faro,2024,15 - 19 anos,27251
Faro,2024,20 - 24 anos,30305
Faro,2024,25 - 29 anos,36522
Faro,2025,30 - 34 anos,39569
Faro,2025,35 - 39 anos,40003
Faro,2025,40 - 44 anos,42301
Faro,2025,45 - 49 anos,43597
Faro,2025,50 - 54 anos,42194
Faro,2025,55 - 59 anos,37702
Faro,2025,60 - 64 anos,36709
Faro,2025,65 - 69 anos,35310
Faro,2025,70 - 74 anos,31900
Faro,2025,75 - 79 anos,26780
Faro,2025,80 - 84 anos,17771
Faro,2025,85 e mais anos,18380
Faro,2025,Total,578032
Faro,2025,0 - 4 anos,21386
Faro,2025,5 - 9 anos,25310
Faro,2025,10 - 14 anos,26155
Faro,2025,15 - 19 anos,27252
Faro,2025,20 - 24 anos,29388
Faro,2025,25 - 29 anos,36325
Guarda,2020,30 - 34 anos,5716
Guarda,2020,35 - 39 anos,7147
Guarda,2020,40 - 44 anos,8521
Guarda,2020,45 - 49 anos,8967
Guarda,2020,50 - 54 anos,9847
Guarda,2020,55 - 59 anos,11071
Guarda,2020,60 - 64 anos,12022
Guarda,2020,65 - 69 anos,11496
Guarda,2020,70 - 74 anos,10647
Guarda,2020,75 - 79 anos,9454
Guarda,2020,80 - 84 anos,8270
Guarda,2020,85 e mais anos,9316
Guarda,2020,Total,143964
Guarda,2020,0 - 4 anos,4185
Guarda,2020,5 - 9 anos,4445
Guarda,2020,10 - 14 anos,5190
Guarda,2020,15 - 19 anos,5916
Guarda,2020,20 - 24 anos,6307
Guarda,2020,25 - 29 anos,5447
Guarda,2021,30 - 34 anos,5888
Guarda,2021,35 - 39 anos,6812
Guarda,2021,40 - 44 anos,8315
Guarda,2021,45 - 49 anos,8718
Guarda,2021,50 - 54 anos,9321
Guarda,2021,55 - 59 anos,10362
Guarda,2021,60 - 64 anos,11159
Guarda,2021,65 - 69 anos,10754
Guarda,2021,70 - 74 anos,10106
Guarda,2021,75 - 79 anos,9041
Guarda,2021,80 - 84 anos,7676
Guarda,2021,85 e mais anos,9033
Guarda,2021,Total,138693
Guarda,2021,0 - 4 anos,3995
Guarda,2021,5 - 9 anos,4418
Guarda,2021,10 - 14 anos,5021
Guarda,2021,15 - 19 anos,5789
Guarda,2021,20 - 24 anos,6509
Guarda,2021,25 - 29 anos,5776
Guarda,2022,30 - 34 anos,5893
Guarda,2022,35 - 39 anos,6798
Guarda,2022,40 - 44 anos,8063
Guarda,2022,45 - 49 anos,8878
Guarda,2022,50 - 54 anos,9220
Guarda,2022,55 - 59 anos,10132
Guarda,2022,60 - 64 anos,11083
Guarda,2022,65 - 69 anos,10919
Guarda,2022,70 - 74 anos,10380
Guarda,2022,75 - 79 anos,8978
Guarda,2022,80 - 84 anos,7404
Guarda,2022,85 e mais anos,9119
Guarda,2022,Total,138628
Guarda,2022,0 - 4 anos,4024
Guarda,2022,5 - 9 anos,4488
Guarda,2022,10 - 14 anos,5016
Guarda,2022,15 - 19 anos,5768
Guarda,2022,20 - 24 anos,6600
Guarda,2022,25 - 29 anos,5865
Guarda,2023,30 - 34 anos,5946
Guarda,2023,35 - 39 anos,6806
Guarda,2023,40 - 44 anos,7969
Guarda,2023,45 - 49 anos,8992
Guarda,2023,50 - 54 anos,9041
Guarda,2023,55 - 59 anos,10095
Guarda,2023,60 - 64 anos,10923
Guarda,2023,65 - 69 anos,11206
Guarda,2023,70 - 74 anos,10203
Guarda,2023,75 - 79 anos,9187
Guarda,2023,80 - 84 anos,7417
Guarda,2023,85 e mais anos,9362
Guarda,2023,Total,139114
Guarda,2023,0 - 4 anos,4006
Guarda,2023,5 - 9 anos,4611
Guarda,2023,10 - 14 anos,4923
Guarda,2023,15 - 19 anos,5670
Guarda,2023,20 - 24 anos,6549
Guarda,2023,25 - 29 anos,6208
Guarda,2024,30 - 34 anos,6054
Guarda,2024,35 - 39 anos,6635
Guarda,2024,40 - 44 anos,8047
Guarda,2024,45 - 49 anos,9000
Guarda,2024,50 - 54 anos,9015
Guarda,2024,55 - 59 anos,9852
Guarda,2024,60 - 64 anos,10897
Guarda,2024,65 - 69 anos,11412
Guarda,2024,70 - 74 anos,10248
Guarda,2024,75 - 79 anos,9360
Guarda,2024,80 - 84 anos,7341
Guarda,2024,85 e mais anos,9521
Guarda,2024,Total,139486
Guarda,2024,0 - 4 anos,4007
Guarda,2024,5 - 9 anos,4659
Guarda,2024,10 - 14 anos,4977
Guarda,2024,15 - 19 anos,5583
Guarda,2024,20 - 24 anos,6531
Guarda,2024,25 - 29 anos,6347
Guarda,2025,30 - 34 anos,5981
Guarda,2025,35 - 39 anos,6584
Guarda,2025,40 - 44 anos,7881
Guarda,2025,45 - 49 anos,9018
Guarda,2025,50 - 54 anos,9053
Guarda,2025,55 - 59 anos,9619
Guarda,2025,60 - 64 anos,10749
Guarda,2025,65 - 69 anos,11517
Guarda,2025,70 - 74 anos,10420
Guarda,2025,75 - 79 anos,9251
Guarda,2025,80 - 84 anos,7511
Guarda,2025,85 e mais anos,9485
Guarda,2025,Total,138823
Guarda,2025,0 - 4 anos,3920
Guarda,2025,5 - 9 anos,4655
Guarda,2025,10 - 14 anos,4958
Guarda,2025,15 - 19 anos,5413
Guarda,2025,20 - 24 anos,6326
Guarda,2025,25 - 29 anos,6482
Leiria,2020,30 - 34 anos,22805
Leiria,2020,35 - 39 anos,27173
Leiria,2020,40 - 44 anos,33017
Leiria,2020,45 - 49 anos,34102
Leiria,2020,50 - 54 anos,33366
Leiria,2020,55 - 59 anos,33435
Leiria,2020,60 - 64 anos,32319
Leiria,2020,65 - 69 anos,30731
Leiria,2020,70 - 74 anos,27764
Leiria,2020,75 - 79 anos,22824
Leiria,2020,80 - 84 anos,18122
Leiria,2020,85 e mais anos,17106
Leiria,2020,Total,461083
Leiria,2020,0 - 4 anos,18287
Leiria,2020,5 - 9 anos,18732
Leiria,2020,10 - 14 anos,21573
Leiria,2020,15 - 19 anos,23022
Leiria,2020,20 - 24 anos,24299
Leiria,2020,25 - 29 anos,22406
Leiria,2021,30 - 34 anos,24711
Leiria,2021,35 - 39 anos,27628
Leiria,2021,40 - 44 anos,33419
Leiria,2021,45 - 49 anos,35257
Leiria,2021,50 - 54 anos,33949
Leiria,2021,55 - 59 anos,33383
Leiria,2021,60 - 64 anos,32268
Leiria,2021,65 - 69 anos,30711
Leiria,2021,70 - 74 anos,28003
Leiria,2021,75 - 79 anos,23225
Leiria,2021,80 - 84 anos,18134
Leiria,2021,85 e mais anos,17848
Leiria,2021,Total,471138
Leiria,2021,0 - 4 anos,17805
Leiria,2021,5 - 9 anos,19558
Leiria,2021,10 - 14 anos,21852
Leiria,2021,15 - 19 anos,23635
Leiria,2021,20 - 24 anos,25388
Leiria,2021,25 - 29 anos,24364
Leiria,2022,30 - 34 anos,27240
Leiria,2022,35 - 39 anos,28899
Leiria,2022,40 - 44 anos,33996
Leiria,2022,45 - 49 anos,36452
Leiria,2022,50 - 54 anos,34753
Leiria,2022,55 - 59 anos,33901
Leiria,2022,60 - 64 anos,33124
Leiria,2022,65 - 69 anos,31227
Leiria,2022,70 - 74 anos,28881
Leiria,2022,75 - 79 anos,23875
Leiria,2022,80 - 84 anos,18082
Leiria,2022,85 e mais anos,18437
Leiria,2022,Total,488544
Leiria,2022,0 - 4 anos,18389
Leiria,2022,5 - 9 anos,20879
Leiria,2022,10 - 14 anos,22431
Leiria,2022,15 - 19 anos,24342
Leiria,2022,20 - 24 anos,26734
Leiria,2022,25 - 29 anos,26902
Leiria,2023,30 - 34 anos,29371
Leiria,2023,35 - 39 anos,30118
Leiria,2023,40 - 44 anos,34669
Leiria,2023,45 - 49 anos,37325
Leiria,2023,50 - 54 anos,35322
Leiria,2023,55 - 59 anos,34509
Leiria,2023,60 - 64 anos,33601
Leiria,2023,65 - 69 anos,31870
Leiria,2023,70 - 74 anos,29262
Leiria,2023,75 - 79 anos,24630
Leiria,2023,80 - 84 anos,18434
Leiria,2023,85 e mais anos,19353
Leiria,2023,Total,502691
Leiria,2023,0 - 4 anos,18655
Leiria,2023,5 - 9 anos,21536
Leiria,2023,10 - 14 anos,22594
Leiria,2023,15 - 19 anos,24610
Leiria,2023,20 - 24 anos,27997
Leiria,2023,25 - 29 anos,28835
Leiria,2024,30 - 34 anos,30353
Leiria,2024,35 - 39 anos,30655
Leiria,2024,40 - 44 anos,34723
Leiria,2024,45 - 49 anos,37775
Leiria,2024,50 - 54 anos,36014
Leiria,2024,55 - 59 anos,34861
Leiria,2024,60 - 64 anos,33968
Leiria,2024,65 - 69 anos,32647
Leiria,2024,70 - 74 anos,29441
Leiria,2024,75 - 79 anos,25507
Leiria,2024,80 - 84 anos,18548
Leiria,2024,85 e mais anos,20146
Leiria,2024,Total,511254
Leiria,2024,0 - 4 anos,18826
Leiria,2024,5 - 9 anos,22053
Leiria,2024,10 - 14 anos,22747
Leiria,2024,15 - 19 anos,24729
Leiria,2024,20 - 24 anos,28027
Leiria,2024,25 - 29 anos,30234
Leiria,2025,30 - 34 anos,30938
Leiria,2025,35 - 39 anos,31303
Leiria,2025,40 - 44 anos,34206
Leiria,2025,45 - 49 anos,37841
Leiria,2025,50 - 54 anos,36832
Leiria,2025,55 - 59 anos,34952
Leiria,2025,60 - 64 anos,34321
Leiria,2025,65 - 69 anos,32835
Leiria,2025,70 - 74 anos,30037
Leiria,2025,75 - 79 anos,25698
Leiria,2025,80 - 84 anos,19317
Leiria,2025,85 e mais anos,20496
Leiria,2025,Total,514503
Leiria,2025,0 - 4 anos,18711
Leiria,2025,5 - 9 anos,21805
Leiria,2025,10 - 14 anos,22600
Leiria,2025,15 - 19 anos,24692
Leiria,2025,20 - 24 anos,27276
Leiria,2025,25 - 29 anos,30643
Lisboa,2020,30 - 34 anos,137886
Lisboa,2020,35 - 39 anos,151873
Lisboa,2020,40 - 44 anos,176351
Lisboa,2020,45 - 49 anos,178985
Lisboa,2020,50 - 54 anos,157186
Lisboa,2020,55 - 59 anos,146203
Lisboa,2020,60 - 64 anos,134586
Lisboa,2020,65 - 69 anos,126374
Lisboa,2020,70 - 74 anos,120750
Lisboa,2020,75 - 79 anos,96742
Lisboa,2020,80 - 84 anos,72681
Lisboa,2020,85 e mais anos,71416
Lisboa,2020,Total,2286240
Lisboa,2020,0 - 4 anos,108351
Lisboa,2020,5 - 9 anos,107936
Lisboa,2020,10 - 14 anos,118188
Lisboa,2020,15 - 19 anos,120509
Lisboa,2020,20 - 24 anos,126143
Lisboa,2020,25 - 29 anos,134080
Lisboa,2021,30 - 34 anos,157252
Lisboa,2021,35 - 39 anos,163412
Lisboa,2021,40 - 44 anos,181708
Lisboa,2021,45 - 49 anos,188386
Lisboa,2021,50 - 54 anos,164419
Lisboa,2021,55 - 59 anos,149934
Lisboa,2021,60 - 64 anos,135876
Lisboa,2021,65 - 69 anos,128165
Lisboa,2021,70 - 74 anos,125768
Lisboa,2021,75 - 79 anos,104010
Lisboa,2021,80 - 84 anos,75602
Lisboa,2021,85 e mais anos,76862
Lisboa,2021,Total,2401365
Lisboa,2021,0 - 4 anos,108491
Lisboa,2021,5 - 9 anos,112796
Lisboa,2021,10 - 14 anos,121525
Lisboa,2021,15 - 19 anos,122502
Lisboa,2021,20 - 24 anos,134008
Lisboa,2021,25 - 29 anos,150649
Lisboa,2022,30 - 34 anos,175936
Lisboa,2022,35 - 39 anos,172371
Lisboa,2022,40 - 44 anos,185758
Lisboa,2022,45 - 49 anos,196289
Lisboa,2022,50 - 54 anos,172144
Lisboa,2022,55 - 59 anos,154244
Lisboa,2022,60 - 64 anos,138214
Lisboa,2022,65 - 69 anos,128411
Lisboa,2022,70 - 74 anos,126567
Lisboa,2022,75 - 79 anos,107187
Lisboa,2022,80 - 84 anos,76012
Lisboa,2022,85 e mais anos,78370
Lisboa,2022,Total,2509447
Lisboa,2022,0 - 4 anos,110244
Lisboa,2022,5 - 9 anos,118625
Lisboa,2022,10 - 14 anos,126372
Lisboa,2022,15 - 19 anos,128560
Lisboa,2022,20 - 24 anos,146437
Lisboa,2022,25 - 29 anos,167706
Lisboa,2023,30 - 34 anos,191907
Lisboa,2023,35 - 39 anos,183416
Lisboa,2023,40 - 44 anos,190463
Lisboa,2023,45 - 49 anos,201065
Lisboa,2023,50 - 54 anos,178265
Lisboa,2023,55 - 59 anos,157529
Lisboa,2023,60 - 64 anos,140441
Lisboa,2023,65 - 69 anos,129288
Lisboa,2023,70 - 74 anos,124684
Lisboa,2023,75 - 79 anos,110381
Lisboa,2023,80 - 84 anos,78132
Lisboa,2023,85 e mais anos,81672
Lisboa,2023,Total,2594574
Lisboa,2023,0 - 4 anos,110445
Lisboa,2023,5 - 9 anos,121507
Lisboa,2023,10 - 14 anos,125752
Lisboa,2023,15 - 19 anos,131621
Lisboa,2023,20 - 24 anos,155193
Lisboa,2023,25 - 29 anos,182813
Lisboa,2024,30 - 34 anos,203995
Lisboa,2024,35 - 39 anos,192621
Lisboa,2024,40 - 44 anos,194492
Lisboa,2024,45 - 49 anos,203190
Lisboa,2024,50 - 54 anos,185644
Lisboa,2024,55 - 59 anos,159546
Lisboa,2024,60 - 64 anos,143295
Lisboa,2024,65 - 69 anos,130707
Lisboa,2024,70 - 74 anos,123398
Lisboa,2024,75 - 79 anos,112177
Lisboa,2024,80 - 84 anos,80324
Lisboa,2024,85 e mais anos,84819
Lisboa,2024,Total,2657153
Lisboa,2024,0 - 4 anos,110497
Lisboa,2024,5 - 9 anos,122505
Lisboa,2024,10 - 14 anos,126252
Lisboa,2024,15 - 19 anos,132736
Lisboa,2024,20 - 24 anos,157147
Lisboa,2024,25 - 29 anos,193808
Lisboa,2025,30 - 34 anos,205509
Lisboa,2025,35 - 39 anos,195010
Lisboa,2025,40 - 44 anos,192585
Lisboa,2025,45 - 49 anos,200586
Lisboa,2025,50 - 54 anos,190604
Lisboa,2025,55 - 59 anos,161449
Lisboa,2025,60 - 64 anos,144397
Lisboa,2025,65 - 69 anos,130968
Lisboa,2025,70 - 74 anos,121922
Lisboa,2025,75 - 79 anos,113070
Lisboa,2025,80 - 84 anos,83442
Lisboa,2025,85 e mais anos,86605
Lisboa,2025,Total,2655832
Lisboa,2025,0 - 4 anos,108663
Lisboa,2025,5 - 9 anos,118013
Lisboa,2025,10 - 14 anos,123425
Lisboa,2025,15 - 19 anos,131796
Lisboa,2025,20 - 24 anos,153205
Lisboa,2025,25 - 29 anos,194583
Portalegre,2020,30 - 34 anos,4446
Portalegre,2020,35 - 39 anos,5570
Portalegre,2020,40 - 44 anos,6879
Portalegre,2020,45 - 49 anos,7290
Portalegre,2020,50 - 54 anos,7445
Portalegre,2020,55 - 59 anos,7820
Portalegre,2020,60 - 64 anos,7878
Portalegre,2020,65 - 69 anos,7245
Portalegre,2020,70 - 74 anos,6716
Portalegre,2020,75 - 79 anos,5847
Portalegre,2020,80 - 84 anos,5369
Portalegre,2020,85 e mais anos,6296
Portalegre,2020,Total,105676
Portalegre,2020,0 - 4 anos,3984
Portalegre,2020,5 - 9 anos,4196
Portalegre,2020,10 - 14 anos,4591
Portalegre,2020,15 - 19 anos,4901
Portalegre,2020,20 - 24 anos,4959
Portalegre,2020,25 - 29 anos,4244
Portalegre,2021,30 - 34 anos,4712
Portalegre,2021,35 - 39 anos,5726
Portalegre,2021,40 - 44 anos,6664
Portalegre,2021,45 - 49 anos,7506
Portalegre,2021,50 - 54 anos,7382
Portalegre,2021,55 - 59 anos,7818
Portalegre,2021,60 - 64 anos,7922
Portalegre,2021,65 - 69 anos,7170
Portalegre,2021,70 - 74 anos,6658
Portalegre,2021,75 - 79 anos,5865
Portalegre,2021,80 - 84 anos,5081
Portalegre,2021,85 e mais anos,6409
Portalegre,2021,Total,106510
Portalegre,2021,0 - 4 anos,3920
Portalegre,2021,5 - 9 anos,4203
Portalegre,2021,10 - 14 anos,4602
Portalegre,2021,15 - 19 anos,5017
Portalegre,2021,20 - 24 anos,5165
Portalegre,2021,25 - 29 anos,4690
Portalegre,2022,30 - 34 anos,4887
Portalegre,2022,35 - 39 anos,5607
Portalegre,2022,40 - 44 anos,6586
Portalegre,2022,45 - 49 anos,7767
Portalegre,2022,50 - 54 anos,7381
Portalegre,2022,55 - 59 anos,7744
Portalegre,2022,60 - 64 anos,8071
Portalegre,2022,65 - 69 anos,7219
Portalegre,2022,70 - 74 anos,6723
Portalegre,2022,75 - 79 anos,5975
Portalegre,2022,80 - 84 anos,4874
Portalegre,2022,85 e mais anos,6359
Portalegre,2022,Total,107181
Portalegre,2022,0 - 4 anos,3927
Portalegre,2022,5 - 9 anos,4314
Portalegre,2022,10 - 14 anos,4679
Portalegre,2022,15 - 19 anos,4962
Portalegre,2022,20 - 24 anos,5220
Portalegre,2022,25 - 29 anos,4886
Portalegre,2023,30 - 34 anos,5146
Portalegre,2023,35 - 39 anos,5673
Portalegre,2023,40 - 44 anos,6627
Portalegre,2023,45 - 49 anos,7741
Portalegre,2023,50 - 54 anos,7539
Portalegre,2023,55 - 59 anos,7646
Portalegre,2023,60 - 64 anos,8129
Portalegre,2023,65 - 69 anos,7404
Portalegre,2023,70 - 74 anos,6768
Portalegre,2023,75 - 79 anos,6111
Portalegre,2023,80 - 84 anos,4722
Portalegre,2023,85 e mais anos,6422
Portalegre,2023,Total,108265
Portalegre,2023,0 - 4 anos,3827
Portalegre,2023,5 - 9 anos,4444
Portalegre,2023,10 - 14 anos,4679
Portalegre,2023,15 - 19 anos,5015
Portalegre,2023,20 - 24 anos,5320
Portalegre,2023,25 - 29 anos,5052
Portalegre,2024,30 - 34 anos,5227
Portalegre,2024,35 - 39 anos,5629
Portalegre,2024,40 - 44 anos,6585
Portalegre,2024,45 - 49 anos,7631
Portalegre,2024,50 - 54 anos,7592
Portalegre,2024,55 - 59 anos,7610
Portalegre,2024,60 - 64 anos,8061
Portalegre,2024,65 - 69 anos,7655
Portalegre,2024,70 - 74 anos,6834
Portalegre,2024,75 - 79 anos,6107
Portalegre,2024,80 - 84 anos,4676
Portalegre,2024,85 e mais anos,6383
Portalegre,2024,Total,108560
Portalegre,2024,0 - 4 anos,3772
Portalegre,2024,5 - 9 anos,4528
Portalegre,2024,10 - 14 anos,4655
Portalegre,2024,15 - 19 anos,4993
Portalegre,2024,20 - 24 anos,5349
Portalegre,2024,25 - 29 anos,5273
Portalegre,2025,30 - 34 anos,5213
Portalegre,2025,35 - 39 anos,5544
Portalegre,2025,40 - 44 anos,6441
Portalegre,2025,45 - 49 anos,7555
Portalegre,2025,50 - 54 anos,7726
Portalegre,2025,55 - 59 anos,7702
Portalegre,2025,60 - 64 anos,7888
Portalegre,2025,65 - 69 anos,7859
Portalegre,2025,70 - 74 anos,6986
Portalegre,2025,75 - 79 anos,6055
Portalegre,2025,80 - 84 anos,4743
Portalegre,2025,85 e mais anos,6271
Portalegre,2025,Total,108485
Portalegre,2025,0 - 4 anos,3649
Portalegre,2025,5 - 9 anos,4453
Portalegre,2025,10 - 14 anos,4655
Portalegre,2025,15 - 19 anos,5005
Portalegre,2025,20 - 24 anos,5306
Portalegre,2025,25 - 29 anos,5434
Porto,2020,30 - 34 anos,101750
Porto,2020,35 - 39 anos,115900
Porto,2020,40 - 44 anos,132496
Porto,2020,45 - 49 anos,143513
Porto,2020,50 - 54 anos,136121
Porto,2020,55 - 59 anos,136179
Porto,2020,60 - 64 anos,122929
Porto,2020,65 - 69 anos,110246
Porto,2020,70 - 74 anos,95083
Porto,2020,75 - 79 anos,68819
Porto,2020,80 - 84 anos,51178
Porto,2020,85 e mais anos,46492
Porto,2020,Total,1792631
Porto,2020,0 - 4 anos,73686
Porto,2020,5 - 9 anos,74082
Porto,2020,10 - 14 anos,86832
Porto,2020,15 - 19 anos,94654
Porto,2020,20 - 24 anos,102412
Porto,2020,25 - 29 anos,100259
Porto,2021,30 - 34 anos,106101
Porto,2021,35 - 39 anos,115471
Porto,2021,40 - 44 anos,130378
Porto,2021,45 - 49 anos,143300
Porto,2021,50 - 54 anos,135680
Porto,2021,55 - 59 anos,134621
Porto,2021,60 - 64 anos,123280
Porto,2021,65 - 69 anos,111340
Porto,2021,70 - 74 anos,99862
Porto,2021,75 - 79 anos,73765
Porto,2021,80 - 84 anos,51988
Porto,2021,85 e mais anos,49451
Porto,2021,Total,1806871
Porto,2021,0 - 4 anos,70972
Porto,2021,5 - 9 anos,74972
Porto,2021,10 - 14 anos,86550
Porto,2021,15 - 19 anos,93200
Porto,2021,20 - 24 anos,103302
Porto,2021,25 - 29 anos,102638
Porto,2022,30 - 34 anos,112573
Porto,2022,35 - 39 anos,117008
Porto,2022,40 - 44 anos,130797
Porto,2022,45 - 49 anos,144515
Porto,2022,50 - 54 anos,137626
Porto,2022,55 - 59 anos,135185
Porto,2022,60 - 64 anos,125666
Porto,2022,65 - 69 anos,112944
Porto,2022,70 - 74 anos,103254
Porto,2022,75 - 79 anos,77087
Porto,2022,80 - 84 anos,51997
Porto,2022,85 e mais anos,51143
Porto,2022,Total,1845238
Porto,2022,0 - 4 anos,70983
Porto,2022,5 - 9 anos,77346
Porto,2022,10 - 14 anos,86752
Porto,2022,15 - 19 anos,93437
Porto,2022,20 - 24 anos,107059
Porto,2022,25 - 29 anos,109866
Porto,2023,30 - 34 anos,118948
Porto,2023,35 - 39 anos,119122
Porto,2023,40 - 44 anos,131617
Porto,2023,45 - 49 anos,144452
Porto,2023,50 - 54 anos,140278
Porto,2023,55 - 59 anos,135812
Porto,2023,60 - 64 anos,127646
Porto,2023,65 - 69 anos,115505
Porto,2023,70 - 74 anos,103303
Porto,2023,75 - 79 anos,82171
Porto,2023,80 - 84 anos,53225
Porto,2023,85 e mais anos,53869
Porto,2023,Total,1878373
Porto,2023,0 - 4 anos,70376
Porto,2023,5 - 9 anos,79136
Porto,2023,10 - 14 anos,84501
Porto,2023,15 - 19 anos,93584
Porto,2023,20 - 24 anos,108981
Porto,2023,25 - 29 anos,115847
Porto,2024,30 - 34 anos,122937
Porto,2024,35 - 39 anos,120851
Porto,2024,40 - 44 anos,131651
Porto,2024,45 - 49 anos,143034
Porto,2024,50 - 54 anos,143381
Porto,2024,55 - 59 anos,135095
Porto,2024,60 - 64 anos,130287
Porto,2024,65 - 69 anos,118542
Porto,2024,70 - 74 anos,104196
Porto,2024,75 - 79 anos,86041
Porto,2024,80 - 84 anos,54979
Porto,2024,85 e mais anos,55877
Porto,2024,Total,1899765
Porto,2024,0 - 4 anos,69102
Porto,2024,5 - 9 anos,79901
Porto,2024,10 - 14 anos,82927
Porto,2024,15 - 19 anos,93404
Porto,2024,20 - 24 anos,107609
Porto,2024,25 - 29 anos,119951
Porto,2025,30 - 34 anos,124631
Porto,2025,35 - 39 anos,122728
Porto,2025,40 - 44 anos,130286
Porto,2025,45 - 49 anos,140543
Porto,2025,50 - 54 anos,145842
Porto,2025,55 - 59 anos,134661
Porto,2025,60 - 64 anos,132164
Porto,2025,65 - 69 anos,119573
Porto,2025,70 - 74 anos,105765
Porto,2025,75 - 79 anos,88222
Porto,2025,80 - 84 anos,58529
Porto,2025,85 e mais anos,57392
Porto,2025,Total,1906626
Porto,2025,0 - 4 anos,67708
Porto,2025,5 - 9 anos,78597
Porto,2025,10 - 14 anos,80776
Porto,2025,15 - 19 anos,92685
Porto,2025,20 - 24 anos,104354
Porto,2025,25 - 29 anos,122170
Região Autónoma da Madeira,2020,30 - 34 anos,12991
Região Autónoma da Madeira,2020,35 - 39 anos,16260
Região Autónoma da Madeira,2020,40 - 44 anos,19508
Região Autónoma da Madeira,2020,45 - 49 anos,20715
Região Autónoma da Madeira,2020,50 - 54 anos,20367
Região Autónoma da Madeira,2020,55 - 59 anos,20993
Região Autónoma da Madeira,2020,60 - 64 anos,17691
Região Autónoma da Madeira,2020,65 - 69 anos,15040
Região Autónoma da Madeira,2020,70 - 74 anos,12192
Região Autónoma da Madeira,2020,75 - 79 anos,9475
Região Autónoma da Madeira,2020,80 - 84 anos,6831
Região Autónoma da Madeira,2020,85 e mais anos,6174
Região Autónoma da Madeira,2020,Total,251900
Região Autónoma da Madeira,2020,0 - 4 anos,10032
Região Autónoma da Madeira,2020,5 - 9 anos,10354
Região Autónoma da Madeira,2020,10 - 14 anos,12764
Região Autónoma da Madeira,2020,15 - 19 anos,14315
Região Autónoma da Madeira,2020,20 - 24 anos,13745
Região Autónoma da Madeira,2020,25 - 29 anos,12453
Região Autónoma da Madeira,2021,30 - 34 anos,13267
Região Autónoma da Madeira,2021,35 - 39 anos,15953
Região Autónoma da Madeira,2021,40 - 44 anos,18754
Região Autónoma da Madeira,2021,45 - 49 anos,20996
Região Autónoma da Madeira,2021,50 - 54 anos,19720
Região Autónoma da Madeira,2021,55 - 59 anos,20579
Região Autónoma da Madeira,2021,60 - 64 anos,17903
Região Autónoma da Madeira,2021,65 - 69 anos,15162
Região Autónoma da Madeira,2021,70 - 74 anos,12756
Região Autónoma da Madeira,2021,75 - 79 anos,9717
Região Autónoma da Madeira,2021,80 - 84 anos,6950
Região Autónoma da Madeira,2021,85 e mais anos,6543
Região Autónoma da Madeira,2021,Total,253129
Região Autónoma da Madeira,2021,0 - 4 anos,9833
Região Autónoma da Madeira,2021,5 - 9 anos,10346
Região Autónoma da Madeira,2021,10 - 14 anos,12553
Região Autónoma da Madeira,2021,15 - 19 anos,14373
Região Autónoma da Madeira,2021,20 - 24 anos,14495
Região Autónoma da Madeira,2021,25 - 29 anos,13229
Região Autónoma da Madeira,2022,30 - 34 anos,13592
Região Autónoma da Madeira,2022,35 - 39 anos,15703
Região Autónoma da Madeira,2022,40 - 44 anos,18507
Região Autónoma da Madeira,2022,45 - 49 anos,21284
Região Autónoma da Madeira,2022,50 - 54 anos,19843
Região Autónoma da Madeira,2022,55 - 59 anos,20922
Região Autónoma da Madeira,2022,60 - 64 anos,18508
Região Autónoma da Madeira,2022,65 - 69 anos,15627
Região Autónoma da Madeira,2022,70 - 74 anos,13288
Região Autónoma da Madeira,2022,75 - 79 anos,10046
Região Autónoma da Madeira,2022,80 - 84 anos,7093
Região Autónoma da Madeira,2022,85 e mais anos,6585
Região Autónoma da Madeira,2022,Total,256484
Região Autónoma da Madeira,2022,0 - 4 anos,9704
Região Autónoma da Madeira,2022,5 - 9 anos,10573
Região Autónoma da Madeira,2022,10 - 14 anos,12219
Região Autónoma da Madeira,2022,15 - 19 anos,14236
Região Autónoma da Madeira,2022,20 - 24 anos,14937
Região Autónoma da Madeira,2022,25 - 29 anos,13817
Região Autónoma da Madeira,2023,30 - 34 anos,14149
Região Autónoma da Madeira,2023,35 - 39 anos,15853
Região Autónoma da Madeira,2023,40 - 44 anos,18404
Região Autónoma da Madeira,2023,45 - 49 anos,21170
Região Autónoma da Madeira,2023,50 - 54 anos,20227
Região Autónoma da Madeira,2023,55 - 59 anos,20786
Região Autónoma da Madeira,2023,60 - 64 anos,19513
Região Autónoma da Madeira,2023,65 - 69 anos,16150
Região Autónoma da Madeira,2023,70 - 74 anos,13760
Região Autónoma da Madeira,2023,75 - 79 anos,10379
Região Autónoma da Madeira,2023,80 - 84 anos,7261
Região Autónoma da Madeira,2023,85 e mais anos,6783
Região Autónoma da Madeira,2023,Total,260511
Região Autónoma da Madeira,2023,0 - 4 anos,9563
Região Autónoma da Madeira,2023,5 - 9 anos,10829
Região Autónoma da Madeira,2023,10 - 14 anos,11779
Região Autónoma da Madeira,2023,15 - 19 anos,13983
Região Autónoma da Madeira,2023,20 - 24 anos,15434
Região Autónoma da Madeira,2023,25 - 29 anos,14488
Região Autónoma da Madeira,2024,30 - 34 anos,14836
Região Autónoma da Madeira,2024,35 - 39 anos,15810
Região Autónoma da Madeira,2024,40 - 44 anos,18436
Região Autónoma da Madeira,2024,45 - 49 anos,21073
Região Autónoma da Madeira,2024,50 - 54 anos,20880
Região Autónoma da Madeira,2024,55 - 59 anos,20728
Região Autónoma da Madeira,2024,60 - 64 anos,20379
Região Autónoma da Madeira,2024,65 - 69 anos,16803
Região Autónoma da Madeira,2024,70 - 74 anos,14261
Região Autónoma da Madeira,2024,75 - 79 anos,10802
Região Autónoma da Madeira,2024,80 - 84 anos,7524
Região Autónoma da Madeira,2024,85 e mais anos,7030
Região Autónoma da Madeira,2024,Total,264700
Região Autónoma da Madeira,2024,0 - 4 anos,9447
Região Autónoma da Madeira,2024,5 - 9 anos,11054
Região Autónoma da Madeira,2024,10 - 14 anos,11486
Região Autónoma da Madeira,2024,15 - 19 anos,13565
Região Autónoma da Madeira,2024,20 - 24 anos,15424
Região Autónoma da Madeira,2024,25 - 29 anos,15162
Região Autónoma da Madeira,2025,30 - 34 anos,15087
Região Autónoma da Madeira,2025,35 - 39 anos,15701
Região Autónoma da Madeira,2025,40 - 44 anos,18241
Região Autónoma da Madeira,2025,45 - 49 anos,20783
Região Autónoma da Madeira,2025,50 - 54 anos,21307
Região Autónoma da Madeira,2025,55 - 59 anos,20604
Região Autónoma da Madeira,2025,60 - 64 anos,20733
Região Autónoma da Madeira,2025,65 - 69 anos,17446
Região Autónoma da Madeira,2025,70 - 74 anos,14637
Região Autónoma da Madeira,2025,75 - 79 anos,11336
Região Autónoma da Madeira,2025,80 - 84 anos,7719
Região Autónoma da Madeira,2025,85 e mais anos,7163
Região Autónoma da Madeira,2025,Total,266130
Região Autónoma da Madeira,2025,0 - 4 anos,9106
Região Autónoma da Madeira,2025,5 - 9 anos,10924
Região Autónoma da Madeira,2025,10 - 14 anos,11231
Região Autónoma da Madeira,2025,15 - 19 anos,13355
Região Autónoma da Madeira,2025,20 - 24 anos,15233
Região Autónoma da Madeira,2025,25 - 29 anos,15524
Região Autónoma dos Açores,2020,30 - 34 anos,15539
Região Autónoma dos Açores,2020,35 - 39 anos,17424
Região Autónoma dos Açores,2020,40 - 44 anos,19685
Região Autónoma dos Açores,2020,45 - 49 anos,18473
Região Autónoma dos Açores,2020,50 - 54 anos,17020
Região Autónoma dos Açores,2020,55 - 59 anos,17200
Região Autónoma dos Açores,2020,60 - 64 anos,15216
Região Autónoma dos Açores,2020,65 - 69 anos,12373
Região Autónoma dos Açores,2020,70 - 74 anos,9548
Região Autónoma dos Açores,2020,75 - 79 anos,7192
Região Autónoma dos Açores,2020,80 - 84 anos,5002
Região Autónoma dos Açores,2020,85 e mais anos,4717
Região Autónoma dos Açores,2020,Total,237616
Região Autónoma dos Açores,2020,0 - 4 anos,11036
Região Autónoma dos Açores,2020,5 - 9 anos,11496
Região Autónoma dos Açores,2020,10 - 14 anos,13194
Região Autónoma dos Açores,2020,15 - 19 anos,13908
Região Autónoma dos Açores,2020,20 - 24 anos,14479
Região Autónoma dos Açores,2020,25 - 29 anos,14114
Região Autónoma dos Açores,2021,30 - 34 anos,15865
Região Autónoma dos Açores,2021,35 - 39 anos,17392
Região Autónoma dos Açores,2021,40 - 44 anos,19548
Região Autónoma dos Açores,2021,45 - 49 anos,19061
Região Autónoma dos Açores,2021,50 - 54 anos,17207
Região Autónoma dos Açores,2021,55 - 59 anos,17077
Região Autónoma dos Açores,2021,60 - 64 anos,15593
Região Autónoma dos Açores,2021,65 - 69 anos,12727
Região Autónoma dos Açores,2021,70 - 74 anos,10269
Região Autónoma dos Açores,2021,75 - 79 anos,7554
Região Autónoma dos Açores,2021,80 - 84 anos,5178
Região Autónoma dos Açores,2021,85 e mais anos,4946
Região Autónoma dos Açores,2021,Total,241026
Região Autónoma dos Açores,2021,0 - 4 anos,10810
Região Autónoma dos Açores,2021,5 - 9 anos,11481
Região Autónoma dos Açores,2021,10 - 14 anos,13308
Região Autónoma dos Açores,2021,15 - 19 anos,13693
Região Autónoma dos Açores,2021,20 - 24 anos,14596
Região Autónoma dos Açores,2021,25 - 29 anos,14721
Região Autónoma dos Açores,2022,30 - 34 anos,15662
Região Autónoma dos Açores,2022,35 - 39 anos,17108
Região Autónoma dos Açores,2022,40 - 44 anos,19171
Região Autónoma dos Açores,2022,45 - 49 anos,19678
Região Autónoma dos Açores,2022,50 - 54 anos,17433
Região Autónoma dos Açores,2022,55 - 59 anos,17141
Região Autónoma dos Açores,2022,60 - 64 anos,16062
Região Autónoma dos Açores,2022,65 - 69 anos,13091
Região Autónoma dos Açores,2022,70 - 74 anos,10743
Região Autónoma dos Açores,2022,75 - 79 anos,7859
Região Autónoma dos Açores,2022,80 - 84 anos,5028
Região Autónoma dos Açores,2022,85 e mais anos,4960
Região Autónoma dos Açores,2022,Total,241978
Região Autónoma dos Açores,2022,0 - 4 anos,10682
Região Autónoma dos Açores,2022,5 - 9 anos,11385
Região Autónoma dos Açores,2022,10 - 14 anos,13044
Região Autónoma dos Açores,2022,15 - 19 anos,13565
Região Autónoma dos Açores,2022,20 - 24 anos,14519
Região Autónoma dos Açores,2022,25 - 29 anos,14847
Região Autónoma dos Açores,2023,30 - 34 anos,15473
Região Autónoma dos Açores,2023,35 - 39 anos,16960
Região Autónoma dos Açores,2023,40 - 44 anos,18947
Região Autónoma dos Açores,2023,45 - 49 anos,19994
Região Autónoma dos Açores,2023,50 - 54 anos,17671
Região Autónoma dos Açores,2023,55 - 59 anos,17267
Região Autónoma dos Açores,2023,60 - 64 anos,16378
Região Autónoma dos Açores,2023,65 - 69 anos,13591
Região Autónoma dos Açores,2023,70 - 74 anos,11239
Região Autónoma dos Açores,2023,75 - 79 anos,8135
Região Autónoma dos Açores,2023,80 - 84 anos,5145
Região Autónoma dos Açores,2023,85 e mais anos,5063
Região Autónoma dos Açores,2023,Total,243308
Região Autónoma dos Açores,2023,0 - 4 anos,10507
Região Autónoma dos Açores,2023,5 - 9 anos,11475
Região Autónoma dos Açores,2023,10 - 14 anos,12746
Região Autónoma dos Açores,2023,15 - 19 anos,13482
Região Autónoma dos Açores,2023,20 - 24 anos,14444
Região Autónoma dos Açores,2023,25 - 29 anos,14791
Região Autónoma dos Açores,2024,30 - 34 anos,15438
Região Autónoma dos Açores,2024,35 - 39 anos,16792
Região Autónoma dos Açores,2024,40 - 44 anos,18654
Região Autónoma dos Açores,2024,45 - 49 anos,19997
Região Autónoma dos Açores,2024,50 - 54 anos,18190
Região Autónoma dos Açores,2024,55 - 59 anos,17207
Região Autónoma dos Açores,2024,60 - 64 anos,16730
Região Autónoma dos Açores,2024,65 - 69 anos,14099
Região Autónoma dos Açores,2024,70 - 74 anos,11651
Região Autónoma dos Açores,2024,75 - 79 anos,8351
Região Autónoma dos Açores,2024,80 - 84 anos,5465
Região Autónoma dos Açores,2024,85 e mais anos,5085
Região Autónoma dos Açores,2024,Total,244350
Região Autónoma dos Açores,2024,0 - 4 anos,10260
Região Autónoma dos Açores,2024,5 - 9 anos,11447
Região Autónoma dos Açores,2024,10 - 14 anos,12447
Região Autónoma dos Açores,2024,15 - 19 anos,13343
Região Autónoma dos Açores,2024,20 - 24 anos,14273
Região Autónoma dos Açores,2024,25 - 29 anos,14921
Região Autónoma dos Açores,2025,30 - 34 anos,15330
Região Autónoma dos Açores,2025,35 - 39 anos,16704
Região Autónoma dos Açores,2025,40 - 44 anos,18372
Região Autónoma dos Açores,2025,45 - 49 anos,20123
Região Autónoma dos Açores,2025,50 - 54 anos,18670
Região Autónoma dos Açores,2025,55 - 59 anos,17059
Região Autónoma dos Açores,2025,60 - 64 anos,16849
Região Autónoma dos Açores,2025,65 - 69 anos,14869
Região Autónoma dos Açores,2025,70 - 74 anos,11889
Região Autónoma dos Açores,2025,75 - 79 anos,8660
Região Autónoma dos Açores,2025,80 - 84 anos,5752
Região Autónoma dos Açores,2025,85 e mais anos,5114
Região Autónoma dos Açores,2025,Total,245328
Região Autónoma dos Açores,2025,0 - 4 anos,10063
Região Autónoma dos Açores,2025,5 - 9 anos,11369
Região Autónoma dos Açores,2025,10 - 14 anos,12043
Região Autónoma dos Açores,2025,15 - 19 anos,13361
Região Autónoma dos Açores,2025,20 - 24 anos,14024
Região Autónoma dos Açores,2025,25 - 29 anos,15077
Santarém,2020,30 - 34 anos,19415
Santarém,2020,35 - 39 anos,24005
Santarém,2020,40 - 44 anos,29206
Santarém,2020,45 - 49 anos,31435
Santarém,2020,50 - 54 anos,30422
Santarém,2020,55 - 59 anos,31507
Santarém,2020,60 - 64 anos,30204
Santarém,2020,65 - 69 anos,28403
Santarém,2020,70 - 74 anos,26359
Santarém,2020,75 - 79 anos,22570
Santarém,2020,80 - 84 anos,19083
Santarém,2020,85 e mais anos,19858
Santarém,2020,Total,427502
Santarém,2020,0 - 4 anos,16296
Santarém,2020,5 - 9 anos,17177
Santarém,2020,10 - 14 anos,20162
Santarém,2020,15 - 19 anos,21531
Santarém,2020,20 - 24 anos,21385
Santarém,2020,25 - 29 anos,18484
Santarém,2021,30 - 34 anos,20652
Santarém,2021,35 - 39 anos,24414
Santarém,2021,40 - 44 anos,29006
Santarém,2021,45 - 49 anos,31918
Santarém,2021,50 - 54 anos,30627
Santarém,2021,55 - 59 anos,31064
Santarém,2021,60 - 64 anos,29980
Santarém,2021,65 - 69 anos,27998
Santarém,2021,70 - 74 anos,26406
Santarém,2021,75 - 79 anos,22366
Santarém,2021,80 - 84 anos,18540
Santarém,2021,85 e mais anos,20174
Santarém,2021,Total,431135
Santarém,2021,0 - 4 anos,15612
Santarém,2021,5 - 9 anos,17653
Santarém,2021,10 - 14 anos,20163
Santarém,2021,15 - 19 anos,21584
Santarém,2021,20 - 24 anos,22594
Santarém,2021,25 - 29 anos,20384
Santarém,2022,30 - 34 anos,22266
Santarém,2022,35 - 39 anos,25294
Santarém,2022,40 - 44 anos,29370
Santarém,2022,45 - 49 anos,32751
Santarém,2022,50 - 54 anos,31435
Santarém,2022,55 - 59 anos,31002
Santarém,2022,60 - 64 anos,30719
Santarém,2022,65 - 69 anos,28312
Santarém,2022,70 - 74 anos,27040
Santarém,2022,75 - 79 anos,22582
Santarém,2022,80 - 84 anos,18369
Santarém,2022,85 e mais anos,20449
Santarém,2022,Total,443532
Santarém,2022,0 - 4 anos,16184
Santarém,2022,5 - 9 anos,18535
Santarém,2022,10 - 14 anos,20756
Santarém,2022,15 - 19 anos,22255
Santarém,2022,20 - 24 anos,23931
Santarém,2022,25 - 29 anos,22282
Santarém,2023,30 - 34 anos,24202
Santarém,2023,35 - 39 anos,26322
Santarém,2023,40 - 44 anos,30131
Santarém,2023,45 - 49 anos,33232
Santarém,2023,50 - 54 anos,32068
Santarém,2023,55 - 59 anos,31280
Santarém,2023,60 - 64 anos,31112
Santarém,2023,65 - 69 anos,29137
Santarém,2023,70 - 74 anos,26764
Santarém,2023,75 - 79 anos,23204
Santarém,2023,80 - 84 anos,18355
Santarém,2023,85 e mais anos,21037
Santarém,2023,Total,456051
Santarém,2023,0 - 4 anos,16486
Santarém,2023,5 - 9 anos,19519
Santarém,2023,10 - 14 anos,20840
Santarém,2023,15 - 19 anos,22737
Santarém,2023,20 - 24 anos,25054
Santarém,2023,25 - 29 anos,24571
Santarém,2024,30 - 34 anos,25509
Santarém,2024,35 - 39 anos,26643
Santarém,2024,40 - 44 anos,30627
Santarém,2024,45 - 49 anos,33442
Santarém,2024,50 - 54 anos,32729
Santarém,2024,55 - 59 anos,31432
Santarém,2024,60 - 64 anos,31505
Santarém,2024,65 - 69 anos,29737
Santarém,2024,70 - 74 anos,26916
Santarém,2024,75 - 79 anos,23797
Santarém,2024,80 - 84 anos,18287
Santarém,2024,85 e mais anos,21500
Santarém,2024,Total,465230
Santarém,2024,0 - 4 anos,16923
Santarém,2024,5 - 9 anos,20183
Santarém,2024,10 - 14 anos,21341
Santarém,2024,15 - 19 anos,22937
Santarém,2024,20 - 24 anos,25464
Santarém,2024,25 - 29 anos,26258
Santarém,2025,30 - 34 anos,26151
Santarém,2025,35 - 39 anos,27169
Santarém,2025,40 - 44 anos,30496
Santarém,2025,45 - 49 anos,33307
Santarém,2025,50 - 54 anos,33559
Santarém,2025,55 - 59 anos,31633
Santarém,2025,60 - 64 anos,31611
Santarém,2025,65 - 69 anos,30177
Santarém,2025,70 - 74 anos,27308
Santarém,2025,75 - 79 anos,24068
Santarém,2025,80 - 84 anos,18616
Santarém,2025,85 e mais anos,21606
Santarém,2025,Total,469361
Santarém,2025,0 - 4 anos,16873
Santarém,2025,5 - 9 anos,20208
Santarém,2025,10 - 14 anos,21203
Santarém,2025,15 - 19 anos,23243
Santarém,2025,20 - 24 anos,24974
Santarém,2025,25 - 29 anos,27159
Setúbal,2020,30 - 34 anos,48010
Setúbal,2020,35 - 39 anos,56765
Setúbal,2020,40 - 44 anos,68963
Setúbal,2020,45 - 49 anos,69764
Setúbal,2020,50 - 54 anos,58637
Setúbal,2020,55 - 59 anos,56454
Setúbal,2020,60 - 64 anos,56010
Setúbal,2020,65 - 69 anos,53143
Setúbal,2020,70 - 74 anos,50264
Setúbal,2020,75 - 79 anos,39637
Setúbal,2020,80 - 84 anos,29273
Setúbal,2020,85 e mais anos,26184
Setúbal,2020,Total,880218
Setúbal,2020,0 - 4 anos,40166
Setúbal,2020,5 - 9 anos,41660
Setúbal,2020,10 - 14 anos,46856
Setúbal,2020,15 - 19 anos,46827
Setúbal,2020,20 - 24 anos,46622
Setúbal,2020,25 - 29 anos,44983
Setúbal,2021,30 - 34 anos,51513
Setúbal,2021,35 - 39 anos,58238
Setúbal,2021,40 - 44 anos,68622
Setúbal,2021,45 - 49 anos,73284
Setúbal,2021,50 - 54 anos,60369
Setúbal,2021,55 - 59 anos,56871
Setúbal,2021,60 - 64 anos,55063
Setúbal,2021,65 - 69 anos,53125
Setúbal,2021,70 - 74 anos,51773
Setúbal,2021,75 - 79 anos,41608
Setúbal,2021,80 - 84 anos,29174
Setúbal,2021,85 e mais anos,26467
Setúbal,2021,Total,899866
Setúbal,2021,0 - 4 anos,38965
Setúbal,2021,5 - 9 anos,43087
Setúbal,2021,10 - 14 anos,48053
Setúbal,2021,15 - 19 anos,47793
Setúbal,2021,20 - 24 anos,48032
Setúbal,2021,25 - 29 anos,47829
Setúbal,2022,30 - 34 anos,56712
Setúbal,2022,35 - 39 anos,60961
Setúbal,2022,40 - 44 anos,69476
Setúbal,2022,45 - 49 anos,76979
Setúbal,2022,50 - 54 anos,63580
Setúbal,2022,55 - 59 anos,57631
Setúbal,2022,60 - 64 anos,55306
Setúbal,2022,65 - 69 anos,53549
Setúbal,2022,70 - 74 anos,52111
Setúbal,2022,75 - 79 anos,43399
Setúbal,2022,80 - 84 anos,29436
Setúbal,2022,85 e mais anos,27427
Setúbal,2022,Total,937395
Setúbal,2022,0 - 4 anos,40059
Setúbal,2022,5 - 9 anos,45005
Setúbal,2022,10 - 14 anos,49997
Setúbal,2022,15 - 19 anos,50347
Setúbal,2022,20 - 24 anos,52190
Setúbal,2022,25 - 29 anos,53230
Setúbal,2023,30 - 34 anos,61767
Setúbal,2023,35 - 39 anos,64791
Setúbal,2023,40 - 44 anos,71783
Setúbal,2023,45 - 49 anos,78985
Setúbal,2023,50 - 54 anos,67225
Setúbal,2023,55 - 59 anos,58661
Setúbal,2023,60 - 64 anos,55273
Setúbal,2023,65 - 69 anos,54379
Setúbal,2023,70 - 74 anos,51520
Setúbal,2023,75 - 79 anos,45117
Setúbal,2023,80 - 84 anos,30561
Setúbal,2023,85 e mais anos,28745
Setúbal,2023,Total,974784
Setúbal,2023,0 - 4 anos,40759
Setúbal,2023,5 - 9 anos,46784
Setúbal,2023,10 - 14 anos,50364
Setúbal,2023,15 - 19 anos,52208
Setúbal,2023,20 - 24 anos,56188
Setúbal,2023,25 - 29 anos,59674
Setúbal,2024,30 - 34 anos,65852
Setúbal,2024,35 - 39 anos,67073
Setúbal,2024,40 - 44 anos,73470
Setúbal,2024,45 - 49 anos,79728
Setúbal,2024,50 - 54 anos,71038
Setúbal,2024,55 - 59 anos,59579
Setúbal,2024,60 - 64 anos,56150
Setúbal,2024,65 - 69 anos,54935
Setúbal,2024,70 - 74 anos,51169
Setúbal,2024,75 - 79 anos,45825
Setúbal,2024,80 - 84 anos,31916
Setúbal,2024,85 e mais anos,30105
Setúbal,2024,Total,1002115
Setúbal,2024,0 - 4 anos,41365
Setúbal,2024,5 - 9 anos,47694
Setúbal,2024,10 - 14 anos,50722
Setúbal,2024,15 - 19 anos,53242
Setúbal,2024,20 - 24 anos,57894
Setúbal,2024,25 - 29 anos,64358
Setúbal,2025,30 - 34 anos,68055
Setúbal,2025,35 - 39 anos,69078
Setúbal,2025,40 - 44 anos,72966
Setúbal,2025,45 - 49 anos,79046
Setúbal,2025,50 - 54 anos,74591
Setúbal,2025,55 - 59 anos,60548
Setúbal,2025,60 - 64 anos,56385
Setúbal,2025,65 - 69 anos,54954
Setúbal,2025,70 - 74 anos,51074
Setúbal,2025,75 - 79 anos,46319
Setúbal,2025,80 - 84 anos,33098
Setúbal,2025,85 e mais anos,31117
Setúbal,2025,Total,1012127
Setúbal,2025,0 - 4 anos,41222
Setúbal,2025,5 - 9 anos,46241
Setúbal,2025,10 - 14 anos,49328
Setúbal,2025,15 - 19 anos,53631
Setúbal,2025,20 - 24 anos,57598
Setúbal,2025,25 - 29 anos,66876
Viana do Castelo,2020,30 - 34 anos,10908
Viana do Castelo,2020,35 - 39 anos,13636
Viana do Castelo,2020,40 - 44 anos,15893
Viana do Castelo,2020,45 - 49 anos,16814
Viana do Castelo,2020,50 - 54 anos,16428
Viana do Castelo,2020,55 - 59 anos,16895
Viana do Castelo,2020,60 - 64 anos,17120
Viana do Castelo,2020,65 - 69 anos,16656
Viana do Castelo,2020,70 - 74 anos,15126
Viana do Castelo,2020,75 - 79 anos,12719
Viana do Castelo,2020,80 - 84 anos,10123
Viana do Castelo,2020,85 e mais anos,10239
Viana do Castelo,2020,Total,232444
Viana do Castelo,2020,0 - 4 anos,8165
Viana do Castelo,2020,5 - 9 anos,8551
Viana do Castelo,2020,10 - 14 anos,9940
Viana do Castelo,2020,15 - 19 anos,10954
Viana do Castelo,2020,20 - 24 anos,11527
Viana do Castelo,2020,25 - 29 anos,10750
Viana do Castelo,2021,30 - 34 anos,11540
Viana do Castelo,2021,35 - 39 anos,13455
Viana do Castelo,2021,40 - 44 anos,15603
Viana do Castelo,2021,45 - 49 anos,17100
Viana do Castelo,2021,50 - 54 anos,16000
Viana do Castelo,2021,55 - 59 anos,16031
Viana do Castelo,2021,60 - 64 anos,16381
Viana do Castelo,2021,65 - 69 anos,15672
Viana do Castelo,2021,70 - 74 anos,14885
Viana do Castelo,2021,75 - 79 anos,12722
Viana do Castelo,2021,80 - 84 anos,10036
Viana do Castelo,2021,85 e mais anos,10648
Viana do Castelo,2021,Total,230770
Viana do Castelo,2021,0 - 4 anos,7878
Viana do Castelo,2021,5 - 9 anos,8822
Viana do Castelo,2021,10 - 14 anos,9997
Viana do Castelo,2021,15 - 19 anos,10844
Viana do Castelo,2021,20 - 24 anos,11704
Viana do Castelo,2021,25 - 29 anos,11452
Viana do Castelo,2022,30 - 34 anos,12437
Viana do Castelo,2022,35 - 39 anos,13753
Viana do Castelo,2022,40 - 44 anos,15943
Viana do Castelo,2022,45 - 49 anos,17437
Viana do Castelo,2022,50 - 54 anos,16393
Viana do Castelo,2022,55 - 59 anos,16060
Viana do Castelo,2022,60 - 64 anos,16612
Viana do Castelo,2022,65 - 69 anos,15890
Viana do Castelo,2022,70 - 74 anos,15323
Viana do Castelo,2022,75 - 79 anos,12899
Viana do Castelo,2022,80 - 84 anos,9950
Viana do Castelo,2022,85 e mais anos,10854
Viana do Castelo,2022,Total,236830
Viana do Castelo,2022,0 - 4 anos,8170
Viana do Castelo,2022,5 - 9 anos,9242
Viana do Castelo,2022,10 - 14 anos,10188
Viana do Castelo,2022,15 - 19 anos,11164
Viana do Castelo,2022,20 - 24 anos,12302
Viana do Castelo,2022,25 - 29 anos,12213
Viana do Castelo,2023,30 - 34 anos,13146
Viana do Castelo,2023,35 - 39 anos,13862
Viana do Castelo,2023,40 - 44 anos,16225
Viana do Castelo,2023,45 - 49 anos,17716
Viana do Castelo,2023,50 - 54 anos,16749
Viana do Castelo,2023,55 - 59 anos,16304
Viana do Castelo,2023,60 - 64 anos,16558
Viana do Castelo,2023,65 - 69 anos,16360
Viana do Castelo,2023,70 - 74 anos,15169
Viana do Castelo,2023,75 - 79 anos,13489
Viana do Castelo,2023,80 - 84 anos,9918
Viana do Castelo,2023,85 e mais anos,11291
Viana do Castelo,2023,Total,241424
Viana do Castelo,2023,0 - 4 anos,8084
Viana do Castelo,2023,5 - 9 anos,9595
Viana do Castelo,2023,10 - 14 anos,10267
Viana do Castelo,2023,15 - 19 anos,11216
Viana do Castelo,2023,20 - 24 anos,12608
Viana do Castelo,2023,25 - 29 anos,12867
Viana do Castelo,2024,30 - 34 anos,13337
Viana do Castelo,2024,35 - 39 anos,13735
Viana do Castelo,2024,40 - 44 anos,16386
Viana do Castelo,2024,45 - 49 anos,17599
Viana do Castelo,2024,50 - 54 anos,17256
Viana do Castelo,2024,55 - 59 anos,16406
Viana do Castelo,2024,60 - 64 anos,16638
Viana do Castelo,2024,65 - 69 anos,16724
Viana do Castelo,2024,70 - 74 anos,15288
Viana do Castelo,2024,75 - 79 anos,13655
Viana do Castelo,2024,80 - 84 anos,10124
Viana do Castelo,2024,85 e mais anos,11661
Viana do Castelo,2024,Total,243852
Viana do Castelo,2024,0 - 4 anos,8046
Viana do Castelo,2024,5 - 9 anos,9842
Viana do Castelo,2024,10 - 14 anos,10192
Viana do Castelo,2024,15 - 19 anos,11287
Viana do Castelo,2024,20 - 24 anos,12549
Viana do Castelo,2024,25 - 29 anos,13127
Viana do Castelo,2025,30 - 34 anos,13429
Viana do Castelo,2025,35 - 39 anos,13758
Viana do Castelo,2025,40 - 44 anos,16170
Viana do Castelo,2025,45 - 49 anos,17438
Viana do Castelo,2025,50 - 54 anos,17628
Viana do Castelo,2025,55 - 59 anos,16450
Viana do Castelo,2025,60 - 64 anos,16611
Viana do Castelo,2025,65 - 69 anos,16736
Viana do Castelo,2025,70 - 74 anos,15683
Viana do Castelo,2025,75 - 79 anos,13589
Viana do Castelo,2025,80 - 84 anos,10607
Viana do Castelo,2025,85 e mais anos,11778
Viana do Castelo,2025,Total,244343
Viana do Castelo,2025,0 - 4 anos,8006
Viana do Castelo,2025,5 - 9 anos,9707
Viana do Castelo,2025,10 - 14 anos,10164
Viana do Castelo,2025,15 - 19 anos,11174
Viana do Castelo,2025,20 - 24 anos,12215
Viana do Castelo,2025,25 - 29 anos,13200
Vila Real,2020,30 - 34 anos,7947
Vila Real,2020,35 - 39 anos,9435
Vila Real,2020,40 - 44 anos,11990
Vila Real,2020,45 - 49 anos,12643
Vila Real,2020,50 - 54 anos,13444
Vila Real,2020,55 - 59 anos,15094
Vila Real,2020,60 - 64 anos,15579
Vila Real,2020,65 - 69 anos,14791
Vila Real,2020,70 - 74 anos,13133
Vila Real,2020,75 - 79 anos,10957
Vila Real,2020,80 - 84 anos,8639
Vila Real,2020,85 e mais anos,8789
Vila Real,2020,Total,186469
Vila Real,2020,0 - 4 anos,5895
Vila Real,2020,5 - 9 anos,6136
Vila Real,2020,10 - 14 anos,7269
Vila Real,2020,15 - 19 anos,8523
Vila Real,2020,20 - 24 anos,8667
Vila Real,2020,25 - 29 anos,7538
Vila Real,2021,30 - 34 anos,7960
Vila Real,2021,35 - 39 anos,9263
Vila Real,2021,40 - 44 anos,11468
Vila Real,2021,45 - 49 anos,12483
Vila Real,2021,50 - 54 anos,12643
Vila Real,2021,55 - 59 anos,14128
Vila Real,2021,60 - 64 anos,14602
Vila Real,2021,65 - 69 anos,14413
Vila Real,2021,70 - 74 anos,13059
Vila Real,2021,75 - 79 anos,11159
Vila Real,2021,80 - 84 anos,8689
Vila Real,2021,85 e mais anos,9549
Vila Real,2021,Total,183409
Vila Real,2021,0 - 4 anos,5595
Vila Real,2021,5 - 9 anos,6284
Vila Real,2021,10 - 14 anos,7257
Vila Real,2021,15 - 19 anos,8363
Vila Real,2021,20 - 24 anos,8677
Vila Real,2021,25 - 29 anos,7817
Vila Real,2022,30 - 34 anos,8247
Vila Real,2022,35 - 39 anos,9248
Vila Real,2022,40 - 44 anos,11236
Vila Real,2022,45 - 49 anos,12619
Vila Real,2022,50 - 54 anos,12565
Vila Real,2022,55 - 59 anos,13883
Vila Real,2022,60 - 64 anos,14594
Vila Real,2022,65 - 69 anos,14540
Vila Real,2022,70 - 74 anos,13552
Vila Real,2022,75 - 79 anos,11218
Vila Real,2022,80 - 84 anos,8686
Vila Real,2022,85 e mais anos,9678
Vila Real,2022,Total,184824
Vila Real,2022,0 - 4 anos,5602
Vila Real,2022,5 - 9 anos,6586
Vila Real,2022,10 - 14 anos,7327
Vila Real,2022,15 - 19 anos,8196
Vila Real,2022,20 - 24 anos,8849
Vila Real,2022,25 - 29 anos,8198
Vila Real,2023,30 - 34 anos,8446
Vila Real,2023,35 - 39 anos,9198
Vila Real,2023,40 - 44 anos,11277
Vila Real,2023,45 - 49 anos,12737
Vila Real,2023,50 - 54 anos,12467
Vila Real,2023,55 - 59 anos,13679
Vila Real,2023,60 - 64 anos,14723
Vila Real,2023,65 - 69 anos,14712
Vila Real,2023,70 - 74 anos,13639
Vila Real,2023,75 - 79 anos,11560
Vila Real,2023,80 - 84 anos,8705
Vila Real,2023,85 e mais anos,10108
Vila Real,2023,Total,186320
Vila Real,2023,0 - 4 anos,5539
Vila Real,2023,5 - 9 anos,6731
Vila Real,2023,10 - 14 anos,7279
Vila Real,2023,15 - 19 anos,7976
Vila Real,2023,20 - 24 anos,8994
Vila Real,2023,25 - 29 anos,8550
Vila Real,2024,30 - 34 anos,8505
Vila Real,2024,35 - 39 anos,9193
Vila Real,2024,40 - 44 anos,10979
Vila Real,2024,45 - 49 anos,12719
Vila Real,2024,50 - 54 anos,12737
Vila Real,2024,55 - 59 anos,13487
Vila Real,2024,60 - 64 anos,14646
Vila Real,2024,65 - 69 anos,15107
Vila Real,2024,70 - 74 anos,13765
Vila Real,2024,75 - 79 anos,11765
Vila Real,2024,80 - 84 anos,8972
Vila Real,2024,85 e mais anos,10323
Vila Real,2024,Total,187165
Vila Real,2024,0 - 4 anos,5484
Vila Real,2024,5 - 9 anos,6838
Vila Real,2024,10 - 14 anos,7161
Vila Real,2024,15 - 19 anos,7864
Vila Real,2024,20 - 24 anos,9007
Vila Real,2024,25 - 29 anos,8613
Vila Real,2025,30 - 34 anos,8553
Vila Real,2025,35 - 39 anos,9202
Vila Real,2025,40 - 44 anos,10675
Vila Real,2025,45 - 49 anos,12697
Vila Real,2025,50 - 54 anos,12869
Vila Real,2025,55 - 59 anos,13191
Vila Real,2025,60 - 64 anos,14660
Vila Real,2025,65 - 69 anos,15214
Vila Real,2025,70 - 74 anos,13964
Vila Real,2025,75 - 79 anos,11909
Vila Real,2025,80 - 84 anos,9261
Vila Real,2025,85 e mais anos,10415
Vila Real,2025,Total,187197
Vila Real,2025,0 - 4 anos,5271
Vila Real,2025,5 - 9 anos,6794
Vila Real,2025,10 - 14 anos,7057
Vila Real,2025,15 - 19 anos,7939
Vila Real,2025,20 - 24 anos,8697
Vila Real,2025,25 - 29 anos,8829
Viseu,2020,30 - 34 anos,15972
Viseu,2020,35 - 39 anos,19767
Viseu,2020,40 - 44 anos,24171
Viseu,2020,45 - 49 anos,24964
Viseu,2020,50 - 54 anos,24712
Viseu,2020,55 - 59 anos,26381
Viseu,2020,60 - 64 anos,26496
Viseu,2020,65 - 69 anos,25077
Viseu,2020,70 - 74 anos,22836
Viseu,2020,75 - 79 anos,19431
Viseu,2020,80 - 84 anos,15557
Viseu,2020,85 e mais anos,15651
Viseu,2020,Total,353167
Viseu,2020,0 - 4 anos,12509
Viseu,2020,5 - 9 anos,13184
Viseu,2020,10 - 14 anos,15223
Viseu,2020,15 - 19 anos,17654
Viseu,2020,20 - 24 anos,17957
Viseu,2020,25 - 29 anos,15625
Viseu,2021,30 - 34 anos,16287
Viseu,2021,35 - 39 anos,19149
Viseu,2021,40 - 44 anos,23301
Viseu,2021,45 - 49 anos,24884
Viseu,2021,50 - 54 anos,23844
Viseu,2021,55 - 59 anos,24595
Viseu,2021,60 - 64 anos,25061
Viseu,2021,65 - 69 anos,24111
Viseu,2021,70 - 74 anos,22459
Viseu,2021,75 - 79 anos,19387
Viseu,2021,80 - 84 anos,15361
Viseu,2021,85 e mais anos,16457
Viseu,2021,Total,347053
Viseu,2021,0 - 4 anos,11888
Viseu,2021,5 - 9 anos,13427
Viseu,2021,10 - 14 anos,15295
Viseu,2021,15 - 19 anos,17042
Viseu,2021,20 - 24 anos,18194
Viseu,2021,25 - 29 anos,16311
Viseu,2022,30 - 34 anos,17180
Viseu,2022,35 - 39 anos,19236
Viseu,2022,40 - 44 anos,23275
Viseu,2022,45 - 49 anos,25689
Viseu,2022,50 - 54 anos,24017
Viseu,2022,55 - 59 anos,24574
Viseu,2022,60 - 64 anos,25156
Viseu,2022,65 - 69 anos,24314
Viseu,2022,70 - 74 anos,23356
Viseu,2022,75 - 79 anos,19370
Viseu,2022,80 - 84 anos,15365
Viseu,2022,85 e mais anos,16566
Viseu,2022,Total,352955
Viseu,2022,0 - 4 anos,12036
Viseu,2022,5 - 9 anos,14126
Viseu,2022,10 - 14 anos,15629
Viseu,2022,15 - 19 anos,17277
Viseu,2022,20 - 24 anos,18548
Viseu,2022,25 - 29 anos,17241
Viseu,2023,30 - 34 anos,17922
Viseu,2023,35 - 39 anos,19569
Viseu,2023,40 - 44 anos,23538
Viseu,2023,45 - 49 anos,25883
Viseu,2023,50 - 54 anos,24392
Viseu,2023,55 - 59 anos,24699
Viseu,2023,60 - 64 anos,25343
Viseu,2023,65 - 69 anos,25007
Viseu,2023,70 - 74 anos,23206
Viseu,2023,75 - 79 anos,20126
Viseu,2023,80 - 84 anos,15431
Viseu,2023,85 e mais anos,17213
Viseu,2023,Total,358834
Viseu,2023,0 - 4 anos,11941
Viseu,2023,5 - 9 anos,14537
Viseu,2023,10 - 14 anos,15598
Viseu,2023,15 - 19 anos,17255
Viseu,2023,20 - 24 anos,18883
Viseu,2023,25 - 29 anos,18291
Viseu,2024,30 - 34 anos,18344
Viseu,2024,35 - 39 anos,19597
Viseu,2024,40 - 44 anos,23358
Viseu,2024,45 - 49 anos,26030
Viseu,2024,50 - 54 anos,24925
Viseu,2024,55 - 59 anos,24533
Viseu,2024,60 - 64 anos,25786
Viseu,2024,65 - 69 anos,25756
Viseu,2024,70 - 74 anos,23195
Viseu,2024,75 - 79 anos,20594
Viseu,2024,80 - 84 anos,15625
Viseu,2024,85 e mais anos,17760
Viseu,2024,Total,362746
Viseu,2024,0 - 4 anos,11931
Viseu,2024,5 - 9 anos,14820
Viseu,2024,10 - 14 anos,15619
Viseu,2024,15 - 19 anos,17214
Viseu,2024,20 - 24 anos,18919
Viseu,2024,25 - 29 anos,18740
Viseu,2025,30 - 34 anos,18748
Viseu,2025,35 - 39 anos,19805
Viseu,2025,40 - 44 anos,22921
Viseu,2025,45 - 49 anos,26023
Viseu,2025,50 - 54 anos,25422
Viseu,2025,55 - 59 anos,24525
Viseu,2025,60 - 64 anos,25792
Viseu,2025,65 - 69 anos,25981
Viseu,2025,70 - 74 anos,23782
Viseu,2025,75 - 79 anos,20653
Viseu,2025,80 - 84 anos,16199
Viseu,2025,85 e mais anos,18098
Viseu,2025,Total,364820
Viseu,2025,0 - 4 anos,11791
Viseu,2025,5 - 9 anos,14615
Viseu,2025,10 - 14 anos,15455
Viseu,2025,15 - 19 anos,17149
Viseu,2025,20 - 24 anos,18670
Viseu,2025,25 - 29 anos,19191
Évora,2020,30 - 34 anos,7276
Évora,2020,35 - 39 anos,8924
Évora,2020,40 - 44 anos,10809
Évora,2020,45 - 49 anos,11154
Évora,2020,50 - 54 anos,11107
Évora,2020,55 - 59 anos,11166
Évora,2020,60 - 64 anos,10804
Évora,2020,65 - 69 anos,10055
Évora,2020,70 - 74 anos,9000
Évora,2020,75 - 79 anos,7508
Évora,2020,80 - 84 anos,7254
Évora,2020,85 e mais anos,7636
Évora,2020,Total,153398
Évora,2020,0 - 4 anos,6081
Évora,2020,5 - 9 anos,6167
Évora,2020,10 - 14 anos,6798
Évora,2020,15 - 19 anos,7397
Évora,2020,20 - 24 anos,7442
Évora,2020,25 - 29 anos,6820
Évora,2021,30 - 34 anos,7638
Évora,2021,35 - 39 anos,8997
Évora,2021,40 - 44 anos,10772
Évora,2021,45 - 49 anos,11654
Évora,2021,50 - 54 anos,11060
Évora,2021,55 - 59 anos,11234
Évora,2021,60 - 64 anos,10911
Évora,2021,65 - 69 anos,10076
Évora,2021,70 - 74 anos,9221
Évora,2021,75 - 79 anos,7687
Évora,2021,80 - 84 anos,6863
Évora,2021,85 e mais anos,8037
Évora,2021,Total,155713
Évora,2021,0 - 4 anos,5916
Évora,2021,5 - 9 anos,6283
Évora,2021,10 - 14 anos,6893
Évora,2021,15 - 19 anos,7388
Évora,2021,20 - 24 anos,7905
Évora,2021,25 - 29 anos,7178
Évora,2022,30 - 34 anos,8109
Évora,2022,35 - 39 anos,9096
Évora,2022,40 - 44 anos,10575
Évora,2022,45 - 49 anos,12143
Évora,2022,50 - 54 anos,11085
Évora,2022,55 - 59 anos,11180
Évora,2022,60 - 64 anos,11192
Évora,2022,65 - 69 anos,10211
Évora,2022,70 - 74 anos,9272
Évora,2022,75 - 79 anos,7874
Évora,2022,80 - 84 anos,6497
Évora,2022,85 e mais anos,8099
Évora,2022,Total,158119
Évora,2022,0 - 4 anos,5968
Évora,2022,5 - 9 anos,6449
Évora,2022,10 - 14 anos,7052
Évora,2022,15 - 19 anos,7425
Évora,2022,20 - 24 anos,8132
Évora,2022,25 - 29 anos,7760
Évora,2023,30 - 34 anos,8455
Évora,2023,35 - 39 anos,9247
Évora,2023,40 - 44 anos,10623
Évora,2023,45 - 49 anos,12252
Évora,2023,50 - 54 anos,11173
Évora,2023,55 - 59 anos,11291
Évora,2023,60 - 64 anos,11302
Évora,2023,65 - 69 anos,10279
Évora,2023,70 - 74 anos,9474
Évora,2023,75 - 79 anos,7957
Évora,2023,80 - 84 anos,6407
Évora,2023,85 e mais anos,8230
Évora,2023,Total,160710
Évora,2023,0 - 4 anos,5982
Évora,2023,5 - 9 anos,6686
Évora,2023,10 - 14 anos,6958
Évora,2023,15 - 19 anos,7523
Évora,2023,20 - 24 anos,8479
Évora,2023,25 - 29 anos,8392
Évora,2024,30 - 34 anos,8519
Évora,2024,35 - 39 anos,9268
Évora,2024,40 - 44 anos,10638
Évora,2024,45 - 49 anos,12116
Évora,2024,50 - 54 anos,11478
Évora,2024,55 - 59 anos,11257
Évora,2024,60 - 64 anos,11336
Évora,2024,65 - 69 anos,10474
Évora,2024,70 - 74 anos,9549
Évora,2024,75 - 79 anos,8091
Évora,2024,80 - 84 anos,6205
Évora,2024,85 e mais anos,8337
Évora,2024,Total,161731
Évora,2024,0 - 4 anos,5941
Évora,2024,5 - 9 anos,6880
Évora,2024,10 - 14 anos,6938
Évora,2024,15 - 19 anos,7452
Évora,2024,20 - 24 anos,8461
Évora,2024,25 - 29 anos,8791
Évora,2025,30 - 34 anos,8559
Évora,2025,35 - 39 anos,9185
Évora,2025,40 - 44 anos,10486
Évora,2025,45 - 49 anos,11988
Évora,2025,50 - 54 anos,11691
Évora,2025,55 - 59 anos,11357
Évora,2025,60 - 64 anos,11249
Évora,2025,65 - 69 anos,10692
Évora,2025,70 - 74 anos,9635
Évora,2025,75 - 79 anos,8227
Évora,2025,80 - 84 anos,6193
Évora,2025,85 e mais anos,8280
Évora,2025,Total,161642
Évora,2025,0 - 4 anos,5853
Évora,2025,5 - 9 anos,6796
Évora,2025,10 - 14 anos,6894
Évora,2025,15 - 19 anos,7409
Évora,2025,20 - 24 anos,8267
Évora,2025,25 - 29 anos,8881
