distrito,ano,mes,valor
Aveiro,2020,1,62083.0
Aveiro,2020,2,73767.0
Aveiro,2020,3,24262.0
Aveiro,2020,4,2384.0
Aveiro,2020,5,5002.0
Aveiro,2020,6,30174.0
Aveiro,2020,7,68703.0
Aveiro,2020,8,137930.0
Aveiro,2020,9,82201.0
Aveiro,2020,10,59427.0
Aveiro,2020,11,22944.0
Aveiro,2020,12,25251.0
Aveiro,2021,1,18058.0
Aveiro,2021,2,14695.0
Aveiro,2021,3,18067.0
Aveiro,2021,4,26510.0
Aveiro,2021,5,63468.0
Aveiro,2021,6,84012.0
Aveiro,2021,7,99540.0
Aveiro,2021,8,162445.0
Aveiro,2021,9,105974.0
Aveiro,2021,10,109169.0
Aveiro,2021,11,74145.0
Aveiro,2021,12,70532.0
Aveiro,2022,1,52566.0
Aveiro,2022,2,68711.0
Aveiro,2022,3,74387.0
Aveiro,2022,4,115952.0
Aveiro,2022,5,115081.0
Aveiro,2022,6,124581.0
Aveiro,2022,7,160799.0
Aveiro,2022,8,203140.0
Aveiro,2022,9,143282.0
Aveiro,2022,10,119082.0
Aveiro,2022,11,80716.0
Aveiro,2022,12,88277.0
Aveiro,2023,1,70879.0
Aveiro,2023,2,79538.0
Aveiro,2023,3,87329.0
Aveiro,2023,4,128587.0
Aveiro,2023,5,125627.0
Aveiro,2023,6,130558.0
Aveiro,2023,7,169915.0
Aveiro,2023,8,206984.0
Aveiro,2023,9,148497.0
Aveiro,2023,10,125429.0
Aveiro,2023,11,86118.0
Aveiro,2023,12,100905.0
Aveiro,2024,1,67644.0
Aveiro,2024,2,78068.0
Aveiro,2024,3,103683.0
Aveiro,2024,4,110913.0
Aveiro,2024,5,137803.0
Aveiro,2024,6,137168.0
Aveiro,2024,7,173000.0
Aveiro,2024,8,222126.0
Aveiro,2024,9,145936.0
Aveiro,2024,10,119468.0
Aveiro,2024,11,99779.0
Aveiro,2024,12,94152.0
Aveiro,2025,1,70298.0
Aveiro,2025,2,70602.0
Aveiro,2025,3,91120.0
Aveiro,2025,4,127016.0
Aveiro,2025,5,141212.0
Aveiro,2025,6,136375.0
Aveiro,2025,7,174660.0
Aveiro,2025,8,216221.0
Aveiro,2025,9,149063.0
Aveiro,2025,10,120511.0
Aveiro,2025,11,93053.0
Aveiro,2025,12,98379.0
Aveiro,2026,1,70365.0
Aveiro,2026,2,70761.0
Aveiro,2026,3,91150.0
Aveiro,2026,4,119130.0
Aveiro,2026,5,135266.0
Aveiro,2026,6,136775.0
Aveiro,2026,7,179872.0
Beja,2020,1,23697.0
Beja,2020,2,33364.0
Beja,2020,3,16742.0
Beja,2020,4,3538.0
Beja,2020,5,11173.0
Beja,2020,6,46235.0
Beja,2020,7,74116.0
Beja,2020,8,98935.0
Beja,2020,9,69584.0
Beja,2020,10,43641.0
Beja,2020,11,17638.0
Beja,2020,12,17663.0
Beja,2021,1,12263.0
Beja,2021,2,12097.0
Beja,2021,3,15851.0
Beja,2021,4,22880.0
Beja,2021,5,43233.0
Beja,2021,6,62177.0
Beja,2021,7,83268.0
Beja,2021,8,116302.0
Beja,2021,9,79567.0
Beja,2021,10,57921.0
Beja,2021,11,34218.0
Beja,2021,12,24732.0
Beja,2022,1,21770.0
Beja,2022,2,32621.0
Beja,2022,3,36677.0
Beja,2022,4,56259.0
Beja,2022,5,59202.0
Beja,2022,6,73653.0
Beja,2022,7,90624.0
Beja,2022,8,120303.0
Beja,2022,9,79932.0
Beja,2022,10,59787.0
Beja,2022,11,35988.0
Beja,2022,12,30329.0
Beja,2023,1,26429.0
Beja,2023,2,36590.0
Beja,2023,3,45576.0
Beja,2023,4,71191.0
Beja,2023,5,66976.0
Beja,2023,6,80476.0
Beja,2023,7,99010.0
Beja,2023,8,127423.0
Beja,2023,9,95057.0
Beja,2023,10,69788.0
Beja,2023,11,39909.0
Beja,2023,12,38343.0
Beja,2024,1,26255.0
Beja,2024,2,36840.0
Beja,2024,3,53387.0
Beja,2024,4,67407.0
Beja,2024,5,80420.0
Beja,2024,6,83322.0
Beja,2024,7,102563.0
Beja,2024,8,135437.0
Beja,2024,9,93890.0
Beja,2024,10,69092.0
Beja,2024,11,47947.0
Beja,2024,12,37010.0
Beja,2025,1,29757.0
Beja,2025,2,38005.0
Beja,2025,3,50446.0
Beja,2025,4,74356.0
Beja,2025,5,83589.0
Beja,2025,6,93212.0
Beja,2025,7,115731.0
Beja,2025,8,145414.0
Beja,2025,9,105938.0
Beja,2025,10,76436.0
Beja,2025,11,52308.0
Beja,2025,12,36583.0
Beja,2026,1,27638.0
Beja,2026,2,37378.0
Beja,2026,3,55778.0
Beja,2026,4,80970.0
Beja,2026,5,87323.0
Beja,2026,6,99104.0
Beja,2026,7,116592.0
Braga,2020,1,71390.0
Braga,2020,2,84795.0
Braga,2020,3,34372.0
Braga,2020,4,3723.0
Braga,2020,5,10932.0
Braga,2020,6,40878.0
Braga,2020,7,100363.0
Braga,2020,8,174125.0
Braga,2020,9,104378.0
Braga,2020,10,67000.0
Braga,2020,11,25688.0
Braga,2020,12,29450.0
Braga,2021,1,25106.0
Braga,2021,2,21185.0
Braga,2021,3,23434.0
Braga,2021,4,34846.0
Braga,2021,5,66615.0
Braga,2021,6,97147.0
Braga,2021,7,142242.0
Braga,2021,8,220026.0
Braga,2021,9,143758.0
Braga,2021,10,130647.0
Braga,2021,11,86041.0
Braga,2021,12,74309.0
Braga,2022,1,47907.0
Braga,2022,2,76248.0
Braga,2022,3,87801.0
Braga,2022,4,136504.0
Braga,2022,5,142359.0
Braga,2022,6,157603.0
Braga,2022,7,199499.0
Braga,2022,8,266395.0
Braga,2022,9,170119.0
Braga,2022,10,139668.0
Braga,2022,11,96455.0
Braga,2022,12,99324.0
Braga,2023,1,66642.0
Braga,2023,2,80430.0
Braga,2023,3,100012.0
Braga,2023,4,154251.0
Braga,2023,5,154196.0
Braga,2023,6,159089.0
Braga,2023,7,214773.0
Braga,2023,8,262535.0
Braga,2023,9,185558.0
Braga,2023,10,150778.0
Braga,2023,11,98524.0
Braga,2023,12,111599.0
Braga,2024,1,73397.0
Braga,2024,2,84104.0
Braga,2024,3,108792.0
Braga,2024,4,135997.0
Braga,2024,5,166607.0
Braga,2024,6,166792.0
Braga,2024,7,208976.0
Braga,2024,8,272675.0
Braga,2024,9,196312.0
Braga,2024,10,152656.0
Braga,2024,11,111960.0
Braga,2024,12,108864.0
Braga,2025,1,79513.0
Braga,2025,2,85544.0
Braga,2025,3,118680.0
Braga,2025,4,158701.0
Braga,2025,5,179144.0
Braga,2025,6,174934.0
Braga,2025,7,217975.0
Braga,2025,8,276990.0
Braga,2025,9,192399.0
Braga,2025,10,157774.0
Braga,2025,11,113683.0
Braga,2025,12,109649.0
Braga,2026,1,85737.0
Braga,2026,2,91904.0
Braga,2026,3,124965.0
Braga,2026,4,162934.0
Braga,2026,5,185653.0
Braga,2026,6,188395.0
Braga,2026,7,230601.0
Bragança,2020,1,12339.0
Bragança,2020,2,18633.0
Bragança,2020,3,6656.0
Bragança,2020,4,1164.0
Bragança,2020,5,2369.0
Bragança,2020,6,9391.0
Bragança,2020,7,18830.0
Bragança,2020,8,37491.0
Bragança,2020,9,20345.0
Bragança,2020,10,13791.0
Bragança,2020,11,7195.0
Bragança,2020,12,6592.0
Bragança,2021,1,4422.0
Bragança,2021,2,3780.0
Bragança,2021,3,5599.0
Bragança,2021,4,7922.0
Bragança,2021,5,14190.0
Bragança,2021,6,19442.0
Bragança,2021,7,25059.0
Bragança,2021,8,44394.0
Bragança,2021,9,27096.0
Bragança,2021,10,25185.0
Bragança,2021,11,15799.0
Bragança,2021,12,12939.0
Bragança,2022,1,9381.0
Bragança,2022,2,15535.0
Bragança,2022,3,18426.0
Bragança,2022,4,27769.0
Bragança,2022,5,23073.0
Bragança,2022,6,26862.0
Bragança,2022,7,33594.0
Bragança,2022,8,52959.0
Bragança,2022,9,30449.0
Bragança,2022,10,26328.0
Bragança,2022,11,15640.0
Bragança,2022,12,19187.0
Bragança,2023,1,13869.0
Bragança,2023,2,19107.0
Bragança,2023,3,19434.0
Bragança,2023,4,30190.0
Bragança,2023,5,25429.0
Bragança,2023,6,26059.0
Bragança,2023,7,35351.0
Bragança,2023,8,56612.0
Bragança,2023,9,31644.0
Bragança,2023,10,27691.0
Bragança,2023,11,17886.0
Bragança,2023,12,21255.0
Bragança,2024,1,15162.0
Bragança,2024,2,19661.0
Bragança,2024,3,21250.0
Bragança,2024,4,23143.0
Bragança,2024,5,27194.0
Bragança,2024,6,29741.0
Bragança,2024,7,38609.0
Bragança,2024,8,60409.0
Bragança,2024,9,32059.0
Bragança,2024,10,26427.0
Bragança,2024,11,20547.0
Bragança,2024,12,20614.0
Bragança,2025,1,14419.0
Bragança,2025,2,18001.0
Bragança,2025,3,23081.0
Bragança,2025,4,27822.0
Bragança,2025,5,27105.0
Bragança,2025,6,30789.0
Bragança,2025,7,35421.0
Bragança,2025,8,56357.0
Bragança,2025,9,33547.0
Bragança,2025,10,25394.0
Bragança,2025,11,20612.0
Bragança,2025,12,21124.0
Bragança,2026,1,15647.0
Bragança,2026,2,21140.0
Bragança,2026,3,21045.0
Bragança,2026,4,29755.0
Bragança,2026,5,35116.0
Bragança,2026,6,32606.0
Bragança,2026,7,42006.0
Castelo Branco,2020,1,48892.0
Castelo Branco,2020,2,56999.0
Castelo Branco,2020,3,22293.0
Castelo Branco,2020,4,1550.0
Castelo Branco,2020,5,3398.0
Castelo Branco,2020,6,23544.0
Castelo Branco,2020,7,46446.0
Castelo Branco,2020,8,86523.0
Castelo Branco,2020,9,57611.0
Castelo Branco,2020,10,44601.0
Castelo Branco,2020,11,17450.0
Castelo Branco,2020,12,25267.0
Castelo Branco,2021,1,17232.0
Castelo Branco,2021,2,7471.0
Castelo Branco,2021,3,9216.0
Castelo Branco,2021,4,19128.0
Castelo Branco,2021,5,39648.0
Castelo Branco,2021,6,56387.0
Castelo Branco,2021,7,66417.0
Castelo Branco,2021,8,95179.0
Castelo Branco,2021,9,63771.0
Castelo Branco,2021,10,61052.0
Castelo Branco,2021,11,51347.0
Castelo Branco,2021,12,50321.0
Castelo Branco,2022,1,47322.0
Castelo Branco,2022,2,48123.0
Castelo Branco,2022,3,48375.0
Castelo Branco,2022,4,61462.0
Castelo Branco,2022,5,49606.0
Castelo Branco,2022,6,58085.0
Castelo Branco,2022,7,69635.0
Castelo Branco,2022,8,93927.0
Castelo Branco,2022,9,59126.0
Castelo Branco,2022,10,55051.0
Castelo Branco,2022,11,43064.0
Castelo Branco,2022,12,48609.0
Castelo Branco,2023,1,51590.0
Castelo Branco,2023,2,60370.0
Castelo Branco,2023,3,47589.0
Castelo Branco,2023,4,63552.0
Castelo Branco,2023,5,54941.0
Castelo Branco,2023,6,65005.0
Castelo Branco,2023,7,76099.0
Castelo Branco,2023,8,102194.0
Castelo Branco,2023,9,66456.0
Castelo Branco,2023,10,56607.0
Castelo Branco,2023,11,49164.0
Castelo Branco,2023,12,65147.0
Castelo Branco,2024,1,57339.0
Castelo Branco,2024,2,61914.0
Castelo Branco,2024,3,66712.0
Castelo Branco,2024,4,60404.0
Castelo Branco,2024,5,63676.0
Castelo Branco,2024,6,66634.0
Castelo Branco,2024,7,70036.0
Castelo Branco,2024,8,107656.0
Castelo Branco,2024,9,73659.0
Castelo Branco,2024,10,65533.0
Castelo Branco,2024,11,62515.0
Castelo Branco,2024,12,63948.0
Castelo Branco,2025,1,60587.0
Castelo Branco,2025,2,60321.0
Castelo Branco,2025,3,66661.0
Castelo Branco,2025,4,73461.0
Castelo Branco,2025,5,66332.0
Castelo Branco,2025,6,70305.0
Castelo Branco,2025,7,83764.0
Castelo Branco,2025,8,104235.0
Castelo Branco,2025,9,70233.0
Castelo Branco,2025,10,60891.0
Castelo Branco,2025,11,55917.0
Castelo Branco,2025,12,71570.0
Castelo Branco,2026,1,68191.0
Castelo Branco,2026,2,61863.0
Castelo Branco,2026,3,56260.0
Castelo Branco,2026,4,62148.0
Castelo Branco,2026,5,62078.0
Castelo Branco,2026,6,67441.0
Castelo Branco,2026,7,77232.0
Coimbra,2020,1,66543.0
Coimbra,2020,2,76374.0
Coimbra,2020,3,28428.0
Coimbra,2020,4,3165.0
Coimbra,2020,5,6998.0
Coimbra,2020,6,30177.0
Coimbra,2020,7,76766.0
Coimbra,2020,8,133930.0
Coimbra,2020,9,80194.0
Coimbra,2020,10,58893.0
Coimbra,2020,11,24945.0
Coimbra,2020,12,26619.0
Coimbra,2021,1,17556.0
Coimbra,2021,2,12637.0
Coimbra,2021,3,20777.0
Coimbra,2021,4,27598.0
Coimbra,2021,5,54426.0
Coimbra,2021,6,80942.0
Coimbra,2021,7,100769.0
Coimbra,2021,8,167805.0
Coimbra,2021,9,109799.0
Coimbra,2021,10,103589.0
Coimbra,2021,11,71157.0
Coimbra,2021,12,59317.0
Coimbra,2022,1,45132.0
Coimbra,2022,2,62777.0
Coimbra,2022,3,75878.0
Coimbra,2022,4,116666.0
Coimbra,2022,5,117423.0
Coimbra,2022,6,130847.0
Coimbra,2022,7,168515.0
Coimbra,2022,8,214493.0
Coimbra,2022,9,140340.0
Coimbra,2022,10,115394.0
Coimbra,2022,11,77938.0
Coimbra,2022,12,77705.0
Coimbra,2023,1,65877.0
Coimbra,2023,2,73694.0
Coimbra,2023,3,85832.0
Coimbra,2023,4,127706.0
Coimbra,2023,5,133103.0
Coimbra,2023,6,128179.0
Coimbra,2023,7,167775.0
Coimbra,2023,8,215454.0
Coimbra,2023,9,151947.0
Coimbra,2023,10,120957.0
Coimbra,2023,11,78225.0
Coimbra,2023,12,84410.0
Coimbra,2024,1,68875.0
Coimbra,2024,2,73669.0
Coimbra,2024,3,96868.0
Coimbra,2024,4,111138.0
Coimbra,2024,5,133479.0
Coimbra,2024,6,135826.0
Coimbra,2024,7,166881.0
Coimbra,2024,8,214431.0
Coimbra,2024,9,159565.0
Coimbra,2024,10,131523.0
Coimbra,2024,11,94925.0
Coimbra,2024,12,85521.0
Coimbra,2025,1,68188.0
Coimbra,2025,2,71533.0
Coimbra,2025,3,93317.0
Coimbra,2025,4,127565.0
Coimbra,2025,5,142760.0
Coimbra,2025,6,143602.0
Coimbra,2025,7,180003.0
Coimbra,2025,8,209015.0
Coimbra,2025,9,151028.0
Coimbra,2025,10,127159.0
Coimbra,2025,11,90437.0
Coimbra,2025,12,88817.0
Coimbra,2026,1,69520.0
Coimbra,2026,2,67864.0
Coimbra,2026,3,93058.0
Coimbra,2026,4,118250.0
Coimbra,2026,5,141053.0
Coimbra,2026,6,138379.0
Coimbra,2026,7,177019.0
Faro,2020,1,559289.0
Faro,2020,2,843095.0
Faro,2020,3,506620.0
Faro,2020,4,25446.0
Faro,2020,5,38900.0
Faro,2020,6,330393.0
Faro,2020,7,1000257.0
Faro,2020,8,2090569.0
Faro,2020,9,1418185.0
Faro,2020,10,696087.0
Faro,2020,11,180457.0
Faro,2020,12,153212.0
Faro,2021,1,105161.0
Faro,2021,2,65956.0
Faro,2021,3,83995.0
Faro,2021,4,138049.0
Faro,2021,5,500044.0
Faro,2021,6,1182009.0
Faro,2021,7,1551789.0
Faro,2021,8,2762537.0
Faro,2021,9,1869194.0
Faro,2021,10,1584764.0
Faro,2021,11,651051.0
Faro,2021,12,376031.0
Faro,2022,1,343900.0
Faro,2022,2,585850.0
Faro,2022,3,866401.0
Faro,2022,4,1622076.0
Faro,2022,5,1862959.0
Faro,2022,6,2233405.0
Faro,2022,7,2861164.0
Faro,2022,8,3228888.0
Faro,2022,9,2349110.0
Faro,2022,10,1907121.0
Faro,2022,11,749270.0
Faro,2022,12,550489.0
Faro,2023,1,546804.0
Faro,2023,2,782376.0
Faro,2023,3,1092606.0
Faro,2023,4,1834975.0
Faro,2023,5,1968201.0
Faro,2023,6,2239992.0
Faro,2023,7,2805543.0
Faro,2023,8,3181862.0
Faro,2023,9,2402161.0
Faro,2023,10,2071317.0
Faro,2023,11,819961.0
Faro,2023,12,613640.0
Faro,2024,1,563534.0
Faro,2024,2,816342.0
Faro,2024,3,1243832.0
Faro,2024,4,1668748.0
Faro,2024,5,2073654.0
Faro,2024,6,2324847.0
Faro,2024,7,2835129.0
Faro,2024,8,3217263.0
Faro,2024,9,2430059.0
Faro,2024,10,2085928.0
Faro,2024,11,846094.0
Faro,2024,12,627850.0
Faro,2025,1,567669.0
Faro,2025,2,770418.0
Faro,2025,3,1135630.0
Faro,2025,4,1835066.0
Faro,2025,5,2017623.0
Faro,2025,6,2371962.0
Faro,2025,7,2891107.0
Faro,2025,8,3230558.0
Faro,2025,9,2374271.0
Faro,2025,10,2055587.0
Faro,2025,11,866379.0
Faro,2025,12,654819.0
Faro,2026,1,557430.0
Faro,2026,2,773307.0
Faro,2026,3,1184846.0
Faro,2026,4,1854944.0
Faro,2026,5,2112460.0
Faro,2026,6,2364240.0
Faro,2026,7,2955832.0
Guarda,2020,1,24013.0
Guarda,2020,2,30508.0
Guarda,2020,3,10113.0
Guarda,2020,4,1069.0
Guarda,2020,5,2495.0
Guarda,2020,6,13906.0
Guarda,2020,7,30672.0
Guarda,2020,8,57103.0
Guarda,2020,9,31736.0
Guarda,2020,10,24528.0
Guarda,2020,11,7544.0
Guarda,2020,12,16534.0
Guarda,2021,1,9813.0
Guarda,2021,2,4900.0
Guarda,2021,3,6320.0
Guarda,2021,4,12109.0
Guarda,2021,5,22567.0
Guarda,2021,6,29886.0
Guarda,2021,7,36817.0
Guarda,2021,8,59512.0
Guarda,2021,9,33907.0
Guarda,2021,10,35569.0
Guarda,2021,11,29182.0
Guarda,2021,12,34181.0
Guarda,2022,1,26945.0
Guarda,2022,2,29072.0
Guarda,2022,3,30674.0
Guarda,2022,4,39261.0
Guarda,2022,5,31424.0
Guarda,2022,6,37521.0
Guarda,2022,7,44461.0
Guarda,2022,8,66129.0
Guarda,2022,9,35049.0
Guarda,2022,10,34001.0
Guarda,2022,11,27784.0
Guarda,2022,12,38407.0
Guarda,2023,1,31858.0
Guarda,2023,2,38561.0
Guarda,2023,3,31209.0
Guarda,2023,4,42013.0
Guarda,2023,5,33190.0
Guarda,2023,6,36561.0
Guarda,2023,7,46204.0
Guarda,2023,8,67654.0
Guarda,2023,9,40305.0
Guarda,2023,10,35433.0
Guarda,2023,11,27816.0
Guarda,2023,12,40761.0
Guarda,2024,1,31088.0
Guarda,2024,2,38326.0
Guarda,2024,3,39609.0
Guarda,2024,4,36791.0
Guarda,2024,5,36919.0
Guarda,2024,6,37391.0
Guarda,2024,7,45622.0
Guarda,2024,8,71229.0
Guarda,2024,9,41649.0
Guarda,2024,10,36700.0
Guarda,2024,11,35569.0
Guarda,2024,12,38873.0
Guarda,2025,1,31619.0
Guarda,2025,2,34644.0
Guarda,2025,3,39095.0
Guarda,2025,4,40736.0
Guarda,2025,5,36494.0
Guarda,2025,6,36562.0
Guarda,2025,7,42942.0
Guarda,2025,8,66792.0
Guarda,2025,9,39171.0
Guarda,2025,10,35289.0
Guarda,2025,11,31752.0
Guarda,2025,12,46140.0
Guarda,2026,1,40197.0
Guarda,2026,2,35070.0
Guarda,2026,3,30223.0
Guarda,2026,4,36150.0
Guarda,2026,5,40964.0
Guarda,2026,6,37460.0
Guarda,2026,7,46077.0
Leiria,2020,1,60313.0
Leiria,2020,2,82685.0
Leiria,2020,3,29932.0
Leiria,2020,4,2438.0
Leiria,2020,5,5720.0
Leiria,2020,6,36727.0
Leiria,2020,7,97664.0
Leiria,2020,8,196390.0
Leiria,2020,9,114338.0
Leiria,2020,10,69892.0
Leiria,2020,11,28643.0
Leiria,2020,12,26788.0
Leiria,2021,1,17213.0
Leiria,2021,2,12463.0
Leiria,2021,3,18316.0
Leiria,2021,4,27017.0
Leiria,2021,5,60732.0
Leiria,2021,6,94845.0
Leiria,2021,7,133525.0
Leiria,2021,8,235161.0
Leiria,2021,9,138795.0
Leiria,2021,10,119590.0
Leiria,2021,11,70661.0
Leiria,2021,12,61062.0
Leiria,2022,1,47225.0
Leiria,2022,2,66934.0
Leiria,2022,3,79521.0
Leiria,2022,4,128393.0
Leiria,2022,5,129223.0
Leiria,2022,6,155221.0
Leiria,2022,7,215730.0
Leiria,2022,8,287463.0
Leiria,2022,9,170407.0
Leiria,2022,10,138800.0
Leiria,2022,11,91978.0
Leiria,2022,12,92720.0
Leiria,2023,1,69378.0
Leiria,2023,2,82874.0
Leiria,2023,3,105371.0
Leiria,2023,4,145466.0
Leiria,2023,5,144673.0
Leiria,2023,6,161279.0
Leiria,2023,7,227193.0
Leiria,2023,8,299658.0
Leiria,2023,9,193560.0
Leiria,2023,10,160946.0
Leiria,2023,11,97235.0
Leiria,2023,12,111182.0
Leiria,2024,1,76254.0
Leiria,2024,2,88294.0
Leiria,2024,3,121138.0
Leiria,2024,4,130741.0
Leiria,2024,5,159542.0
Leiria,2024,6,163411.0
Leiria,2024,7,222537.0
Leiria,2024,8,300416.0
Leiria,2024,9,195785.0
Leiria,2024,10,153253.0
Leiria,2024,11,111130.0
Leiria,2024,12,106013.0
Leiria,2025,1,80193.0
Leiria,2025,2,86086.0
Leiria,2025,3,113203.0
Leiria,2025,4,146481.0
Leiria,2025,5,157738.0
Leiria,2025,6,168231.0
Leiria,2025,7,227611.0
Leiria,2025,8,299847.0
Leiria,2025,9,193693.0
Leiria,2025,10,156409.0
Leiria,2025,11,112901.0
Leiria,2025,12,111119.0
Leiria,2026,1,79168.0
Leiria,2026,2,78712.0
Leiria,2026,3,100481.0
Leiria,2026,4,132010.0
Leiria,2026,5,159655.0
Leiria,2026,6,166052.0
Leiria,2026,7,234426.0
Lisboa,2020,1,1022942.0
Lisboa,2020,2,1040207.0
Lisboa,2020,3,476193.0
Lisboa,2020,4,33534.0
Lisboa,2020,5,51524.0
Lisboa,2020,6,108831.0
Lisboa,2020,7,256895.0
Lisboa,2020,8,519166.0
Lisboa,2020,9,438598.0
Lisboa,2020,10,353776.0
Lisboa,2020,11,180935.0
Lisboa,2020,12,202354.0
Lisboa,2021,1,163291.0
Lisboa,2021,2,97451.0
Lisboa,2021,3,125265.0
Lisboa,2021,4,184677.0
Lisboa,2021,5,350366.0
Lisboa,2021,6,485368.0
Lisboa,2021,7,583265.0
Lisboa,2021,8,1047800.0
Lisboa,2021,9,975856.0
Lisboa,2021,10,1254756.0
Lisboa,2021,11,1057908.0
Lisboa,2021,12,736170.0
Lisboa,2022,1,508294.0
Lisboa,2022,2,803607.0
Lisboa,2022,3,1151586.0
Lisboa,2022,4,1518045.0
Lisboa,2022,5,1619686.0
Lisboa,2022,6,1656429.0
Lisboa,2022,7,1846143.0
Lisboa,2022,8,1969319.0
Lisboa,2022,9,1773336.0
Lisboa,2022,10,1720785.0
Lisboa,2022,11,1338412.0
Lisboa,2022,12,1133790.0
Lisboa,2023,1,1070307.0
Lisboa,2023,2,1176614.0
Lisboa,2023,3,1499759.0
Lisboa,2023,4,1713913.0
Lisboa,2023,5,1814693.0
Lisboa,2023,6,1727173.0
Lisboa,2023,7,1856487.0
Lisboa,2023,8,1991481.0
Lisboa,2023,9,1877967.0
Lisboa,2023,10,1850148.0
Lisboa,2023,11,1400522.0
Lisboa,2023,12,1193392.0
Lisboa,2024,1,1030744.0
Lisboa,2024,2,1262046.0
Lisboa,2024,3,1633436.0
Lisboa,2024,4,1715378.0
Lisboa,2024,5,1928614.0
Lisboa,2024,6,1808213.0
Lisboa,2024,7,1933785.0
Lisboa,2024,8,2093847.0
Lisboa,2024,9,1910860.0
Lisboa,2024,10,1888440.0
Lisboa,2024,11,1465300.0
Lisboa,2024,12,1213043.0
Lisboa,2025,1,1091604.0
Lisboa,2025,2,1185583.0
Lisboa,2025,3,1579015.0
Lisboa,2025,4,1776200.0
Lisboa,2025,5,1911915.0
Lisboa,2025,6,1812632.0
Lisboa,2025,7,1992416.0
Lisboa,2025,8,2136973.0
Lisboa,2025,9,1921960.0
Lisboa,2025,10,1938388.0
Lisboa,2025,11,1466088.0
Lisboa,2025,12,1236706.0
Lisboa,2026,1,1142951.0
Lisboa,2026,2,1203070.0
Lisboa,2026,3,1580429.0
Lisboa,2026,4,1770155.0
Lisboa,2026,5,1907706.0
Lisboa,2026,6,1831742.0
Lisboa,2026,7,1982904.0
Portalegre,2020,1,20836.0
Portalegre,2020,2,27441.0
Portalegre,2020,3,13810.0
Portalegre,2020,4,450.0
Portalegre,2020,5,1094.0
Portalegre,2020,6,21865.0
Portalegre,2020,7,36445.0
Portalegre,2020,8,60603.0
Portalegre,2020,9,39418.0
Portalegre,2020,10,25991.0
Portalegre,2020,11,12957.0
Portalegre,2020,12,9753.0
Portalegre,2021,1,6277.0
Portalegre,2021,2,3930.0
Portalegre,2021,3,5925.0
Portalegre,2021,4,10659.0
Portalegre,2021,5,28715.0
Portalegre,2021,6,38411.0
Portalegre,2021,7,48395.0
Portalegre,2021,8,68079.0
Portalegre,2021,9,44698.0
Portalegre,2021,10,41484.0
Portalegre,2021,11,27076.0
Portalegre,2021,12,20606.0
Portalegre,2022,1,14170.0
Portalegre,2022,2,23786.0
Portalegre,2022,3,26124.0
Portalegre,2022,4,38665.0
Portalegre,2022,5,36099.0
Portalegre,2022,6,43712.0
Portalegre,2022,7,50712.0
Portalegre,2022,8,71519.0
Portalegre,2022,9,46717.0
Portalegre,2022,10,39376.0
Portalegre,2022,11,24087.0
Portalegre,2022,12,24804.0
Portalegre,2023,1,17147.0
Portalegre,2023,2,24004.0
Portalegre,2023,3,25189.0
Portalegre,2023,4,47364.0
Portalegre,2023,5,33181.0
Portalegre,2023,6,40925.0
Portalegre,2023,7,51612.0
Portalegre,2023,8,69998.0
Portalegre,2023,9,49888.0
Portalegre,2023,10,38399.0
Portalegre,2023,11,24903.0
Portalegre,2023,12,27242.0
Portalegre,2024,1,17313.0
Portalegre,2024,2,23612.0
Portalegre,2024,3,32677.0
Portalegre,2024,4,35798.0
Portalegre,2024,5,39246.0
Portalegre,2024,6,45383.0
Portalegre,2024,7,52473.0
Portalegre,2024,8,72660.0
Portalegre,2024,9,51027.0
Portalegre,2024,10,39920.0
Portalegre,2024,11,30228.0
Portalegre,2024,12,27258.0
Portalegre,2025,1,18865.0
Portalegre,2025,2,21915.0
Portalegre,2025,3,28680.0
Portalegre,2025,4,38511.0
Portalegre,2025,5,41102.0
Portalegre,2025,6,46953.0
Portalegre,2025,7,54217.0
Portalegre,2025,8,74157.0
Portalegre,2025,9,53050.0
Portalegre,2025,10,40237.0
Portalegre,2025,11,28445.0
Portalegre,2025,12,26712.0
Portalegre,2026,1,18800.0
Portalegre,2026,2,22720.0
Portalegre,2026,3,29757.0
Portalegre,2026,4,39815.0
Portalegre,2026,5,43965.0
Portalegre,2026,6,47548.0
Portalegre,2026,7,56402.0
Porto,2020,1,411085.0
Porto,2020,2,413901.0
Porto,2020,3,184051.0
Porto,2020,4,18747.0
Porto,2020,5,38113.0
Porto,2020,6,73700.0
Porto,2020,7,183309.0
Porto,2020,8,341852.0
Porto,2020,9,268346.0
Porto,2020,10,209665.0
Porto,2020,11,89679.0
Porto,2020,12,96136.0
Porto,2021,1,75769.0
Porto,2021,2,52591.0
Porto,2021,3,67600.0
Porto,2021,4,95990.0
Porto,2021,5,205008.0
Porto,2021,6,251018.0
Porto,2021,7,327566.0
Porto,2021,8,550177.0
Porto,2021,9,466028.0
Porto,2021,10,544543.0
Porto,2021,11,407465.0
Porto,2021,12,317477.0
Porto,2022,1,219867.0
Porto,2022,2,332948.0
Porto,2022,3,448508.0
Porto,2022,4,657596.0
Porto,2022,5,715300.0
Porto,2022,6,716239.0
Porto,2022,7,835848.0
Porto,2022,8,953698.0
Porto,2022,9,803060.0
Porto,2022,10,764585.0
Porto,2022,11,514930.0
Porto,2022,12,492880.0
Porto,2023,1,430315.0
Porto,2023,2,477220.0
Porto,2023,3,619210.0
Porto,2023,4,792891.0
Porto,2023,5,845578.0
Porto,2023,6,818557.0
Porto,2023,7,891840.0
Porto,2023,8,1034924.0
Porto,2023,9,930453.0
Porto,2023,10,872864.0
Porto,2023,11,574790.0
Porto,2023,12,539791.0
Porto,2024,1,449690.0
Porto,2024,2,526633.0
Porto,2024,3,712969.0
Porto,2024,4,782156.0
Porto,2024,5,919384.0
Porto,2024,6,869241.0
Porto,2024,7,965909.0
Porto,2024,8,1120325.0
Porto,2024,9,972294.0
Porto,2024,10,927311.0
Porto,2024,11,664308.0
Porto,2024,12,563687.0
Porto,2025,1,475925.0
Porto,2025,2,535641.0
Porto,2025,3,708433.0
Porto,2025,4,881185.0
Porto,2025,5,980731.0
Porto,2025,6,929419.0
Porto,2025,7,1011790.0
Porto,2025,8,1148999.0
Porto,2025,9,1018318.0
Porto,2025,10,965018.0
Porto,2025,11,686343.0
Porto,2025,12,594547.0
Porto,2026,1,512507.0
Porto,2026,2,543403.0
Porto,2026,3,773783.0
Porto,2026,4,916198.0
Porto,2026,5,1036029.0
Porto,2026,6,959722.0
Porto,2026,7,1070998.0
Região Autónoma da Madeira,2020,1,488461.0
Região Autónoma da Madeira,2020,2,540254.0
Região Autónoma da Madeira,2020,3,296417.0
Região Autónoma da Madeira,2020,4,952.0
Região Autónoma da Madeira,2020,5,1357.0
Região Autónoma da Madeira,2020,6,14443.0
Região Autónoma da Madeira,2020,7,91726.0
Região Autónoma da Madeira,2020,8,240322.0
Região Autónoma da Madeira,2020,9,251221.0
Região Autónoma da Madeira,2020,10,253895.0
Região Autónoma da Madeira,2020,11,99163.0
Região Autónoma da Madeira,2020,12,137446.0
Região Autónoma da Madeira,2021,1,93013.0
Região Autónoma da Madeira,2021,2,40883.0
Região Autónoma da Madeira,2021,3,60163.0
Região Autónoma da Madeira,2021,4,95116.0
Região Autónoma da Madeira,2021,5,179599.0
Região Autónoma da Madeira,2021,6,321985.0
Região Autónoma da Madeira,2021,7,552399.0
Região Autónoma da Madeira,2021,8,780123.0
Região Autónoma da Madeira,2021,9,697572.0
Região Autónoma da Madeira,2021,10,655682.0
Região Autónoma da Madeira,2021,11,521638.0
Região Autónoma da Madeira,2021,12,397592.0
Região Autónoma da Madeira,2022,1,348127.0
Região Autónoma da Madeira,2022,2,396171.0
Região Autónoma da Madeira,2022,3,579890.0
Região Autónoma da Madeira,2022,4,735252.0
Região Autónoma da Madeira,2022,5,779420.0
Região Autónoma da Madeira,2022,6,822591.0
Região Autónoma da Madeira,2022,7,916058.0
Região Autónoma da Madeira,2022,8,977217.0
Região Autónoma da Madeira,2022,9,833578.0
Região Autónoma da Madeira,2022,10,782971.0
Região Autónoma da Madeira,2022,11,635918.0
Região Autónoma da Madeira,2022,12,573340.0
Região Autónoma da Madeira,2023,1,591405.0
Região Autónoma da Madeira,2023,2,615367.0
Região Autónoma da Madeira,2023,3,731700.0
Região Autónoma da Madeira,2023,4,787942.0
Região Autónoma da Madeira,2023,5,814937.0
Região Autónoma da Madeira,2023,6,827025.0
Região Autónoma da Madeira,2023,7,926285.0
Região Autónoma da Madeira,2023,8,982207.0
Região Autónoma da Madeira,2023,9,876902.0
Região Autónoma da Madeira,2023,10,829136.0
Região Autónoma da Madeira,2023,11,677429.0
Região Autónoma da Madeira,2023,12,583635.0
Região Autónoma da Madeira,2024,1,582505.0
Região Autónoma da Madeira,2024,2,651234.0
Região Autónoma da Madeira,2024,3,764598.0
Região Autónoma da Madeira,2024,4,788530.0
Região Autónoma da Madeira,2024,5,868449.0
Região Autónoma da Madeira,2024,6,862161.0
Região Autónoma da Madeira,2024,7,939907.0
Região Autónoma da Madeira,2024,8,984870.0
Região Autónoma da Madeira,2024,9,885978.0
Região Autónoma da Madeira,2024,10,852186.0
Região Autónoma da Madeira,2024,11,730688.0
Região Autónoma da Madeira,2024,12,641411.0
Região Autónoma da Madeira,2025,1,631437.0
Região Autónoma da Madeira,2025,2,667214.0
Região Autónoma da Madeira,2025,3,780736.0
Região Autónoma da Madeira,2025,4,844583.0
Região Autónoma da Madeira,2025,5,897112.0
Região Autónoma da Madeira,2025,6,899601.0
Região Autónoma da Madeira,2025,7,999688.0
Região Autónoma da Madeira,2025,8,1033948.0
Região Autónoma da Madeira,2025,9,912583.0
Região Autónoma da Madeira,2025,10,903361.0
Região Autónoma da Madeira,2025,11,733461.0
Região Autónoma da Madeira,2025,12,623029.0
Região Autónoma da Madeira,2026,1,603343.0
Região Autónoma da Madeira,2026,2,671534.0
Região Autónoma da Madeira,2026,3,767172.0
Região Autónoma da Madeira,2026,4,843881.0
Região Autónoma da Madeira,2026,5,879038.0
Região Autónoma da Madeira,2026,6,869890.0
Região Autónoma da Madeira,2026,7,990215.0
Região Autónoma dos Açores,2020,1,85445.0
Região Autónoma dos Açores,2020,2,107879.0
Região Autónoma dos Açores,2020,3,57242.0
Região Autónoma dos Açores,2020,4,258.0
Região Autónoma dos Açores,2020,5,254.0
Região Autónoma dos Açores,2020,6,8173.0
Região Autónoma dos Açores,2020,7,43768.0
Região Autónoma dos Açores,2020,8,107342.0
Região Autónoma dos Açores,2020,9,86913.0
Região Autónoma dos Açores,2020,10,72191.0
Região Autónoma dos Açores,2020,11,39878.0
Região Autónoma dos Açores,2020,12,28734.0
Região Autónoma dos Açores,2021,1,22507.0
Região Autónoma dos Açores,2021,2,23369.0
Região Autónoma dos Açores,2021,3,40483.0
Região Autónoma dos Açores,2021,4,54235.0
Região Autónoma dos Açores,2021,5,75287.0
Região Autónoma dos Açores,2021,6,135722.0
Região Autónoma dos Açores,2021,7,210820.0
Região Autónoma dos Açores,2021,8,289848.0
Região Autónoma dos Açores,2021,9,231677.0
Região Autónoma dos Açores,2021,10,186700.0
Região Autónoma dos Açores,2021,11,107700.0
Região Autónoma dos Açores,2021,12,68535.0
Região Autónoma dos Açores,2022,1,59974.0
Região Autónoma dos Açores,2022,2,82635.0
Região Autónoma dos Açores,2022,3,134188.0
Região Autónoma dos Açores,2022,4,186966.0
Região Autónoma dos Açores,2022,5,227474.0
Região Autónoma dos Açores,2022,6,284464.0
Região Autónoma dos Açores,2022,7,345548.0
Região Autónoma dos Açores,2022,8,367881.0
Região Autónoma dos Açores,2022,9,295870.0
Região Autónoma dos Açores,2022,10,235810.0
Região Autónoma dos Açores,2022,11,123608.0
Região Autónoma dos Açores,2022,12,97793.0
Região Autónoma dos Açores,2023,1,92764.0
Região Autónoma dos Açores,2023,2,105231.0
Região Autónoma dos Açores,2023,3,164105.0
Região Autónoma dos Açores,2023,4,222311.0
Região Autónoma dos Açores,2023,5,254741.0
Região Autónoma dos Açores,2023,6,309537.0
Região Autónoma dos Açores,2023,7,373188.0
Região Autónoma dos Açores,2023,8,406629.0
Região Autónoma dos Açores,2023,9,330156.0
Região Autónoma dos Açores,2023,10,246172.0
Região Autónoma dos Açores,2023,11,132109.0
Região Autónoma dos Açores,2023,12,93652.0
Região Autónoma dos Açores,2024,1,89881.0
Região Autónoma dos Açores,2024,2,119818.0
Região Autónoma dos Açores,2024,3,181512.0
Região Autónoma dos Açores,2024,4,237806.0
Região Autónoma dos Açores,2024,5,303434.0
Região Autónoma dos Açores,2024,6,343263.0
Região Autónoma dos Açores,2024,7,409723.0
Região Autónoma dos Açores,2024,8,448769.0
Região Autónoma dos Açores,2024,9,365605.0
Região Autónoma dos Açores,2024,10,273759.0
Região Autónoma dos Açores,2024,11,154551.0
Região Autónoma dos Açores,2024,12,98214.0
Região Autónoma dos Açores,2025,1,100580.0
Região Autónoma dos Açores,2025,2,125277.0
Região Autónoma dos Açores,2025,3,193331.0
Região Autónoma dos Açores,2025,4,269901.0
Região Autónoma dos Açores,2025,5,319692.0
Região Autónoma dos Açores,2025,6,346941.0
Região Autónoma dos Açores,2025,7,424435.0
Região Autónoma dos Açores,2025,8,456785.0
Região Autónoma dos Açores,2025,9,361397.0
Região Autónoma dos Açores,2025,10,268774.0
Região Autónoma dos Açores,2025,11,146754.0
Região Autónoma dos Açores,2025,12,94168.0
Região Autónoma dos Açores,2026,1,93237.0
Região Autónoma dos Açores,2026,2,121184.0
Região Autónoma dos Açores,2026,3,189589.0
Região Autónoma dos Açores,2026,4,249349.0
Região Autónoma dos Açores,2026,5,322143.0
Região Autónoma dos Açores,2026,6,345595.0
Região Autónoma dos Açores,2026,7,417452.0
Santarém,2020,1,56000.0
Santarém,2020,2,70355.0
Santarém,2020,3,30134.0
Santarém,2020,4,4216.0
Santarém,2020,5,5801.0
Santarém,2020,6,24933.0
Santarém,2020,7,43116.0
Santarém,2020,8,91205.0
Santarém,2020,9,59017.0
Santarém,2020,10,41690.0
Santarém,2020,11,19265.0
Santarém,2020,12,18305.0
Santarém,2021,1,12038.0
Santarém,2021,2,8646.0
Santarém,2021,3,12383.0
Santarém,2021,4,22497.0
Santarém,2021,5,51009.0
Santarém,2021,6,62075.0
Santarém,2021,7,73242.0
Santarém,2021,8,123684.0
Santarém,2021,9,94544.0
Santarém,2021,10,105154.0
Santarém,2021,11,71207.0
Santarém,2021,12,40951.0
Santarém,2022,1,26055.0
Santarém,2022,2,43853.0
Santarém,2022,3,61868.0
Santarém,2022,4,110972.0
Santarém,2022,5,122741.0
Santarém,2022,6,121919.0
Santarém,2022,7,140568.0
Santarém,2022,8,196753.0
Santarém,2022,9,157358.0
Santarém,2022,10,158344.0
Santarém,2022,11,97104.0
Santarém,2022,12,64369.0
Santarém,2023,1,51992.0
Santarém,2023,2,67177.0
Santarém,2023,3,89139.0
Santarém,2023,4,150250.0
Santarém,2023,5,163555.0
Santarém,2023,6,153884.0
Santarém,2023,7,170955.0
Santarém,2023,8,221854.0
Santarém,2023,9,196833.0
Santarém,2023,10,185396.0
Santarém,2023,11,123997.0
Santarém,2023,12,85645.0
Santarém,2024,1,70389.0
Santarém,2024,2,88141.0
Santarém,2024,3,130692.0
Santarém,2024,4,165001.0
Santarém,2024,5,193312.0
Santarém,2024,6,171670.0
Santarém,2024,7,173274.0
Santarém,2024,8,231039.0
Santarém,2024,9,206537.0
Santarém,2024,10,206459.0
Santarém,2024,11,143512.0
Santarém,2024,12,89786.0
Santarém,2025,1,70308.0
Santarém,2025,2,82116.0
Santarém,2025,3,124333.0
Santarém,2025,4,159711.0
Santarém,2025,5,199608.0
Santarém,2025,6,165942.0
Santarém,2025,7,178285.0
Santarém,2025,8,227846.0
Santarém,2025,9,211197.0
Santarém,2025,10,208669.0
Santarém,2025,11,141102.0
Santarém,2025,12,95804.0
Santarém,2026,1,71069.0
Santarém,2026,2,88422.0
Santarém,2026,3,103650.0
Santarém,2026,4,164224.0
Santarém,2026,5,193846.0
Santarém,2026,6,154803.0
Santarém,2026,7,175924.0
Setúbal,2020,1,93707.0
Setúbal,2020,2,119155.0
Setúbal,2020,3,51184.0
Setúbal,2020,4,6331.0
Setúbal,2020,5,19463.0
Setúbal,2020,6,83491.0
Setúbal,2020,7,163849.0
Setúbal,2020,8,263733.0
Setúbal,2020,9,157550.0
Setúbal,2020,10,95739.0
Setúbal,2020,11,46327.0
Setúbal,2020,12,48776.0
Setúbal,2021,1,34451.0
Setúbal,2021,2,29159.0
Setúbal,2021,3,41325.0
Setúbal,2021,4,57635.0
Setúbal,2021,5,102296.0
Setúbal,2021,6,161556.0
Setúbal,2021,7,197918.0
Setúbal,2021,8,304338.0
Setúbal,2021,9,190483.0
Setúbal,2021,10,159819.0
Setúbal,2021,11,96986.0
Setúbal,2021,12,71331.0
Setúbal,2022,1,64301.0
Setúbal,2022,2,87251.0
Setúbal,2022,3,108442.0
Setúbal,2022,4,162256.0
Setúbal,2022,5,172425.0
Setúbal,2022,6,219939.0
Setúbal,2022,7,285381.0
Setúbal,2022,8,332936.0
Setúbal,2022,9,228795.0
Setúbal,2022,10,178741.0
Setúbal,2022,11,107489.0
Setúbal,2022,12,94625.0
Setúbal,2023,1,91639.0
Setúbal,2023,2,111765.0
Setúbal,2023,3,139746.0
Setúbal,2023,4,197908.0
Setúbal,2023,5,195205.0
Setúbal,2023,6,230725.0
Setúbal,2023,7,299887.0
Setúbal,2023,8,355135.0
Setúbal,2023,9,254797.0
Setúbal,2023,10,205846.0
Setúbal,2023,11,120061.0
Setúbal,2023,12,106213.0
Setúbal,2024,1,89886.0
Setúbal,2024,2,114304.0
Setúbal,2024,3,159274.0
Setúbal,2024,4,185295.0
Setúbal,2024,5,221451.0
Setúbal,2024,6,247083.0
Setúbal,2024,7,309803.0
Setúbal,2024,8,386795.0
Setúbal,2024,9,265150.0
Setúbal,2024,10,202628.0
Setúbal,2024,11,141952.0
Setúbal,2024,12,115162.0
Setúbal,2025,1,105152.0
Setúbal,2025,2,120806.0
Setúbal,2025,3,158456.0
Setúbal,2025,4,203824.0
Setúbal,2025,5,229854.0
Setúbal,2025,6,273784.0
Setúbal,2025,7,339246.0
Setúbal,2025,8,391948.0
Setúbal,2025,9,284194.0
Setúbal,2025,10,222952.0
Setúbal,2025,11,147867.0
Setúbal,2025,12,117645.0
Setúbal,2026,1,102646.0
Setúbal,2026,2,121649.0
Setúbal,2026,3,158981.0
Setúbal,2026,4,211779.0
Setúbal,2026,5,250719.0
Setúbal,2026,6,277193.0
Setúbal,2026,7,376762.0
Viana do Castelo,2020,1,31313.0
Viana do Castelo,2020,2,40354.0
Viana do Castelo,2020,3,15337.0
Viana do Castelo,2020,4,855.0
Viana do Castelo,2020,5,4494.0
Viana do Castelo,2020,6,30416.0
Viana do Castelo,2020,7,76009.0
Viana do Castelo,2020,8,119582.0
Viana do Castelo,2020,9,66721.0
Viana do Castelo,2020,10,41524.0
Viana do Castelo,2020,11,12688.0
Viana do Castelo,2020,12,14974.0
Viana do Castelo,2021,1,9428.0
Viana do Castelo,2021,2,6452.0
Viana do Castelo,2021,3,10048.0
Viana do Castelo,2021,4,16908.0
Viana do Castelo,2021,5,40467.0
Viana do Castelo,2021,6,64041.0
Viana do Castelo,2021,7,89218.0
Viana do Castelo,2021,8,137118.0
Viana do Castelo,2021,9,80590.0
Viana do Castelo,2021,10,69292.0
Viana do Castelo,2021,11,40966.0
Viana do Castelo,2021,12,36549.0
Viana do Castelo,2022,1,25958.0
Viana do Castelo,2022,2,38613.0
Viana do Castelo,2022,3,44783.0
Viana do Castelo,2022,4,71462.0
Viana do Castelo,2022,5,71808.0
Viana do Castelo,2022,6,84320.0
Viana do Castelo,2022,7,117979.0
Viana do Castelo,2022,8,160781.0
Viana do Castelo,2022,9,91257.0
Viana do Castelo,2022,10,67842.0
Viana do Castelo,2022,11,38329.0
Viana do Castelo,2022,12,47643.0
Viana do Castelo,2023,1,31847.0
Viana do Castelo,2023,2,39256.0
Viana do Castelo,2023,3,45058.0
Viana do Castelo,2023,4,82527.0
Viana do Castelo,2023,5,76432.0
Viana do Castelo,2023,6,83553.0
Viana do Castelo,2023,7,124284.0
Viana do Castelo,2023,8,165190.0
Viana do Castelo,2023,9,103547.0
Viana do Castelo,2023,10,75093.0
Viana do Castelo,2023,11,40543.0
Viana do Castelo,2023,12,61198.0
Viana do Castelo,2024,1,31780.0
Viana do Castelo,2024,2,40288.0
Viana do Castelo,2024,3,57662.0
Viana do Castelo,2024,4,69830.0
Viana do Castelo,2024,5,87604.0
Viana do Castelo,2024,6,91629.0
Viana do Castelo,2024,7,123713.0
Viana do Castelo,2024,8,181082.0
Viana do Castelo,2024,9,111813.0
Viana do Castelo,2024,10,75277.0
Viana do Castelo,2024,11,54512.0
Viana do Castelo,2024,12,60050.0
Viana do Castelo,2025,1,36303.0
Viana do Castelo,2025,2,39481.0
Viana do Castelo,2025,3,55772.0
Viana do Castelo,2025,4,82922.0
Viana do Castelo,2025,5,95037.0
Viana do Castelo,2025,6,100731.0
Viana do Castelo,2025,7,132845.0
Viana do Castelo,2025,8,183217.0
Viana do Castelo,2025,9,111871.0
Viana do Castelo,2025,10,77569.0
Viana do Castelo,2025,11,51165.0
Viana do Castelo,2025,12,64166.0
Viana do Castelo,2026,1,39132.0
Viana do Castelo,2026,2,42860.0
Viana do Castelo,2026,3,56247.0
Viana do Castelo,2026,4,90231.0
Viana do Castelo,2026,5,106089.0
Viana do Castelo,2026,6,111517.0
Viana do Castelo,2026,7,145454.0
Vila Real,2020,1,22815.0
Vila Real,2020,2,28733.0
Vila Real,2020,3,9562.0
Vila Real,2020,4,1111.0
Vila Real,2020,5,2444.0
Vila Real,2020,6,21474.0
Vila Real,2020,7,40461.0
Vila Real,2020,8,85082.0
Vila Real,2020,9,52981.0
Vila Real,2020,10,32457.0
Vila Real,2020,11,11870.0
Vila Real,2020,12,11707.0
Vila Real,2021,1,5884.0
Vila Real,2021,2,3601.0
Vila Real,2021,3,4944.0
Vila Real,2021,4,10513.0
Vila Real,2021,5,29780.0
Vila Real,2021,6,46103.0
Vila Real,2021,7,56059.0
Vila Real,2021,8,91296.0
Vila Real,2021,9,58981.0
Vila Real,2021,10,56883.0
Vila Real,2021,11,33527.0
Vila Real,2021,12,26909.0
Vila Real,2022,1,19379.0
Vila Real,2022,2,26760.0
Vila Real,2022,3,28018.0
Vila Real,2022,4,52201.0
Vila Real,2022,5,50402.0
Vila Real,2022,6,57014.0
Vila Real,2022,7,69621.0
Vila Real,2022,8,101092.0
Vila Real,2022,9,68898.0
Vila Real,2022,10,59654.0
Vila Real,2022,11,32434.0
Vila Real,2022,12,33998.0
Vila Real,2023,1,25078.0
Vila Real,2023,2,31469.0
Vila Real,2023,3,31748.0
Vila Real,2023,4,58846.0
Vila Real,2023,5,52516.0
Vila Real,2023,6,57958.0
Vila Real,2023,7,72640.0
Vila Real,2023,8,103041.0
Vila Real,2023,9,76226.0
Vila Real,2023,10,61976.0
Vila Real,2023,11,33930.0
Vila Real,2023,12,36579.0
Vila Real,2024,1,22789.0
Vila Real,2024,2,31279.0
Vila Real,2024,3,35862.0
Vila Real,2024,4,46276.0
Vila Real,2024,5,56319.0
Vila Real,2024,6,60040.0
Vila Real,2024,7,68506.0
Vila Real,2024,8,102842.0
Vila Real,2024,9,74888.0
Vila Real,2024,10,56687.0
Vila Real,2024,11,39327.0
Vila Real,2024,12,31880.0
Vila Real,2025,1,29588.0
Vila Real,2025,2,34420.0
Vila Real,2025,3,44719.0
Vila Real,2025,4,61823.0
Vila Real,2025,5,68158.0
Vila Real,2025,6,71272.0
Vila Real,2025,7,80664.0
Vila Real,2025,8,108653.0
Vila Real,2025,9,81482.0
Vila Real,2025,10,64077.0
Vila Real,2025,11,41207.0
Vila Real,2025,12,37774.0
Vila Real,2026,1,31140.0
Vila Real,2026,2,34679.0
Vila Real,2026,3,44020.0
Vila Real,2026,4,61443.0
Vila Real,2026,5,70094.0
Vila Real,2026,6,71580.0
Vila Real,2026,7,80212.0
Viseu,2020,1,36359.0
Viseu,2020,2,50643.0
Viseu,2020,3,20401.0
Viseu,2020,4,443.0
Viseu,2020,5,3073.0
Viseu,2020,6,25089.0
Viseu,2020,7,53973.0
Viseu,2020,8,115782.0
Viseu,2020,9,63396.0
Viseu,2020,10,39760.0
Viseu,2020,11,16663.0
Viseu,2020,12,14081.0
Viseu,2021,1,8680.0
Viseu,2021,2,6646.0
Viseu,2021,3,9789.0
Viseu,2021,4,15054.0
Viseu,2021,5,39274.0
Viseu,2021,6,57455.0
Viseu,2021,7,72160.0
Viseu,2021,8,124494.0
Viseu,2021,9,81957.0
Viseu,2021,10,80727.0
Viseu,2021,11,47319.0
Viseu,2021,12,33542.0
Viseu,2022,1,23153.0
Viseu,2022,2,38743.0
Viseu,2022,3,45318.0
Viseu,2022,4,70892.0
Viseu,2022,5,73990.0
Viseu,2022,6,77990.0
Viseu,2022,7,99676.0
Viseu,2022,8,151091.0
Viseu,2022,9,100162.0
Viseu,2022,10,80104.0
Viseu,2022,11,46831.0
Viseu,2022,12,47935.0
Viseu,2023,1,32398.0
Viseu,2023,2,44480.0
Viseu,2023,3,47784.0
Viseu,2023,4,76958.0
Viseu,2023,5,78023.0
Viseu,2023,6,81668.0
Viseu,2023,7,95514.0
Viseu,2023,8,150240.0
Viseu,2023,9,111008.0
Viseu,2023,10,86043.0
Viseu,2023,11,56583.0
Viseu,2023,12,56881.0
Viseu,2024,1,37212.0
Viseu,2024,2,49868.0
Viseu,2024,3,70489.0
Viseu,2024,4,76095.0
Viseu,2024,5,87715.0
Viseu,2024,6,89397.0
Viseu,2024,7,103923.0
Viseu,2024,8,172087.0
Viseu,2024,9,116837.0
Viseu,2024,10,93582.0
Viseu,2024,11,70783.0
Viseu,2024,12,55382.0
Viseu,2025,1,40435.0
Viseu,2025,2,52201.0
Viseu,2025,3,69826.0
Viseu,2025,4,90207.0
Viseu,2025,5,93396.0
Viseu,2025,6,91987.0
Viseu,2025,7,109484.0
Viseu,2025,8,165440.0
Viseu,2025,9,117278.0
Viseu,2025,10,93338.0
Viseu,2025,11,67365.0
Viseu,2025,12,61124.0
Viseu,2026,1,44509.0
Viseu,2026,2,50878.0
Viseu,2026,3,65255.0
Viseu,2026,4,85452.0
Viseu,2026,5,95959.0
Viseu,2026,6,106624.0
Viseu,2026,7,110312.0
Évora,2020,1,46536.0
Évora,2020,2,55144.0
Évora,2020,3,20054.0
Évora,2020,4,3716.0
Évora,2020,5,7214.0
Évora,2020,6,30879.0
Évora,2020,7,58980.0
Évora,2020,8,100565.0
Évora,2020,9,61298.0
Évora,2020,10,45535.0
Évora,2020,11,20721.0
Évora,2020,12,23147.0
Évora,2021,1,12757.0
Évora,2021,2,8387.0
Évora,2021,3,12764.0
Évora,2021,4,21272.0
Évora,2021,5,43583.0
Évora,2021,6,63166.0
Évora,2021,7,78444.0
Évora,2021,8,118976.0
Évora,2021,9,81602.0
Évora,2021,10,78016.0
Évora,2021,11,50993.0
Évora,2021,12,41762.0
Évora,2022,1,33719.0
Évora,2022,2,46895.0
Évora,2022,3,54553.0
Évora,2022,4,80358.0
Évora,2022,5,83458.0
Évora,2022,6,89025.0
Évora,2022,7,96331.0
Évora,2022,8,128687.0
Évora,2022,9,101265.0
Évora,2022,10,89639.0
Évora,2022,11,56535.0
Évora,2022,12,55316.0
Évora,2023,1,44883.0
Évora,2023,2,55506.0
Évora,2023,3,63068.0
Évora,2023,4,93183.0
Évora,2023,5,90621.0
Évora,2023,6,91437.0
Évora,2023,7,104780.0
Évora,2023,8,137126.0
Évora,2023,9,110199.0
Évora,2023,10,98158.0
Évora,2023,11,63181.0
Évora,2023,12,62023.0
Évora,2024,1,45071.0
Évora,2024,2,58050.0
Évora,2024,3,73376.0
Évora,2024,4,84310.0
Évora,2024,5,103911.0
Évora,2024,6,98193.0
Évora,2024,7,107364.0
Évora,2024,8,144167.0
Évora,2024,9,114589.0
Évora,2024,10,99947.0
Évora,2024,11,72520.0
Évora,2024,12,60522.0
Évora,2025,1,48776.0
Évora,2025,2,52810.0
Évora,2025,3,71948.0
Évora,2025,4,96506.0
Évora,2025,5,104373.0
Évora,2025,6,102788.0
Évora,2025,7,113318.0
Évora,2025,8,158617.0
Évora,2025,9,120657.0
Évora,2025,10,104772.0
Évora,2025,11,72658.0
Évora,2025,12,64359.0
Évora,2026,1,46396.0
Évora,2026,2,56501.0
Évora,2026,3,72784.0
Évora,2026,4,97175.0
Évora,2026,5,103707.0
Évora,2026,6,99969.0
Évora,2026,7,113723.0
